-- MySQL Administrator dump 1.4
--
-- ------------------------------------------------------
-- Server version	5.0.67-community-nt


/*!40101 SET @OLD_CHARACTER_SET_CLIENT=@@CHARACTER_SET_CLIENT */;
/*!40101 SET @OLD_CHARACTER_SET_RESULTS=@@CHARACTER_SET_RESULTS */;
/*!40101 SET @OLD_COLLATION_CONNECTION=@@COLLATION_CONNECTION */;
/*!40101 SET NAMES utf8 */;

/*!40014 SET @OLD_UNIQUE_CHECKS=@@UNIQUE_CHECKS, UNIQUE_CHECKS=0 */;
/*!40014 SET @OLD_FOREIGN_KEY_CHECKS=@@FOREIGN_KEY_CHECKS, FOREIGN_KEY_CHECKS=0 */;
/*!40101 SET @OLD_SQL_MODE=@@SQL_MODE, SQL_MODE='NO_AUTO_VALUE_ON_ZERO' */;


--
-- Create schema help4u
--

CREATE DATABASE IF NOT EXISTS help4u;
USE help4u;

--
-- Definition of table `accept_missing`
--

DROP TABLE IF EXISTS `accept_missing`;
CREATE TABLE `accept_missing` (
  `user_id` varchar(20) NOT NULL,
  `ngo_id` varchar(20) NOT NULL,
  `AcceptDate` date NOT NULL,
  PRIMARY KEY  USING BTREE (`user_id`),
  KEY `ngo_id` (`ngo_id`),
  CONSTRAINT `ngo_id` FOREIGN KEY (`ngo_id`) REFERENCES `ngo_details` (`N_ID`)
) ENGINE=InnoDB DEFAULT CHARSET=latin1;

--
-- Dumping data for table `accept_missing`
--

/*!40000 ALTER TABLE `accept_missing` DISABLE KEYS */;
INSERT INTO `accept_missing` (`user_id`,`ngo_id`,`AcceptDate`) VALUES 
 ('Deeksha','Dasra@123','2018-04-05'),
 ('ganesh_123','Cry@123','2018-04-07'),
 ('harshit','Cry@123','2018-04-07'),
 ('Punam','Cry@123','2018-04-07'),
 ('sandy_123','Cry@123','2018-04-07'),
 ('shailey_123','Cry@123','2018-04-04');
/*!40000 ALTER TABLE `accept_missing` ENABLE KEYS */;


--
-- Definition of table `applytask`
--

DROP TABLE IF EXISTS `applytask`;
CREATE TABLE `applytask` (
  `Sl_No` int(10) unsigned NOT NULL auto_increment,
  `T_Name` varchar(20) NOT NULL,
  `U_ID` varchar(20) NOT NULL,
  PRIMARY KEY  (`Sl_No`),
  KEY `T_Name` (`T_Name`),
  KEY `U_ID` (`U_ID`),
  CONSTRAINT `T_Name` FOREIGN KEY (`T_Name`) REFERENCES `task` (`T_Name`),
  CONSTRAINT `U_ID` FOREIGN KEY (`U_ID`) REFERENCES `volunteer_login` (`U_ID`)
) ENGINE=InnoDB AUTO_INCREMENT=5 DEFAULT CHARSET=latin1;

--
-- Dumping data for table `applytask`
--

/*!40000 ALTER TABLE `applytask` DISABLE KEYS */;
INSERT INTO `applytask` (`Sl_No`,`T_Name`,`U_ID`) VALUES 
 (1,'N_01','shailey_123'),
 (2,'V_01','shailey_123'),
 (3,'SaveChild1','RupaliRaj'),
 (4,'SaveChild1','shailey_123');
/*!40000 ALTER TABLE `applytask` ENABLE KEYS */;


--
-- Definition of table `boards_12`
--

DROP TABLE IF EXISTS `boards_12`;
CREATE TABLE `boards_12` (
  `Number` int(2) unsigned NOT NULL auto_increment,
  `B_Name` varchar(67) NOT NULL,
  PRIMARY KEY  (`Number`)
) ENGINE=InnoDB AUTO_INCREMENT=47 DEFAULT CHARSET=latin1;

--
-- Dumping data for table `boards_12`
--

/*!40000 ALTER TABLE `boards_12` DISABLE KEYS */;
INSERT INTO `boards_12` (`Number`,`B_Name`) VALUES 
 (1,'Aligarh Muslim Board'),
 (2,'Andhra Pradesh Board of Intermediate Education'),
 (3,'Andhra Pradesh Board of Secondary  Education'),
 (4,'Assam Board of Secondary Education'),
 (5,'Assam Higher Secondary Education Council'),
 (6,'Banasthali Board'),
 (7,'Bihar Board of Open Schooling & Examination'),
 (8,'Bihar Intermediate Education Council'),
 (9,'Bihar School Examination Board'),
 (10,'Board of chattisgargh'),
 (11,'Board of Secondary Education'),
 (12,'CBSE AJMER'),
 (13,'Central Board of Secondary Education'),
 (14,'Council for Indian School Certificate Examinations'),
 (15,'Goa Board of Secondary and Higher Secondary Education'),
 (16,'Gujarat Secondary Education Board'),
 (17,'Haryana Board of Education'),
 (18,'Higher Secondary Education Board, Nepal'),
 (19,'Himachal Pradesh Board of School Education'),
 (20,'Indian Council of Secondary Education'),
 (21,'INDIAN SECONDRY SCHOOL CERT EXAM'),
 (22,'JIEC JHARKHAND'),
 (23,'J&K State Board of School Education'),
 (24,'Karnataka Board of the Pre-University Education'),
 (25,'Karnataka Secondary Education Examination Board'),
 (26,'Kerala Board of Public Examinations'),
 (27,'Madhya Pradesh Board of Secondary Education'),
 (28,'Maharashtra State Board of Secondary and Higher Secondary Education'),
 (29,'Manipur Board of Secondary Education'),
 (30,'Meghalaya Board of School Education'),
 (31,'Mizoram Board of School Education'),
 (32,'Nagaland Board of School Education'),
 (33,'National Open School'),
 (34,'Orissa Board of Secondary Education'),
 (35,'Orissa Council of Higher Secondary Education'),
 (36,'Other'),
 (37,'Punjab School Education Board'),
 (38,'Rajasthan Board of Secondary Education'),
 (39,'Tamil Nadu Board of Higher Secondary Education'),
 (40,'Tamil Nadu Board of Secondary Education'),
 (41,'Tripura Board of Secondary Education, Nehru Complex'),
 (42,'U.P. Board of High School & Intermediate Education'),
 (43,'Uttaranchal Education and Examination Board'),
 (44,'Uttranchal Board'),
 (45,'West Bengal Board of Secondary Education'),
 (46,'West Bengal Council of Higher Secondary Education');
/*!40000 ALTER TABLE `boards_12` ENABLE KEYS */;


--
-- Definition of table `body_build`
--

DROP TABLE IF EXISTS `body_build`;
CREATE TABLE `body_build` (
  `Number` int(1) unsigned NOT NULL auto_increment,
  `BB_Type` varchar(10) NOT NULL,
  PRIMARY KEY  (`Number`)
) ENGINE=InnoDB AUTO_INCREMENT=8 DEFAULT CHARSET=latin1;

--
-- Dumping data for table `body_build`
--

/*!40000 ALTER TABLE `body_build` DISABLE KEYS */;
INSERT INTO `body_build` (`Number`,`BB_Type`) VALUES 
 (1,'Erect'),
 (2,'Fat(Stoud)'),
 (3,'Hench Back'),
 (4,'Lean'),
 (5,'Normal'),
 (6,'Stooping'),
 (7,'Well-Built');
/*!40000 ALTER TABLE `body_build` ENABLE KEYS */;


--
-- Definition of table `comment`
--

DROP TABLE IF EXISTS `comment`;
CREATE TABLE `comment` (
  `sno` int(10) unsigned NOT NULL auto_increment,
  `User_ID` varchar(20) NOT NULL,
  `ID` varchar(20) NOT NULL,
  `Comment` varchar(100) NOT NULL,
  PRIMARY KEY  (`sno`),
  KEY `User_ID` (`User_ID`),
  KEY `ID` (`ID`),
  CONSTRAINT `ID` FOREIGN KEY (`ID`) REFERENCES `user_details` (`U_ID`),
  CONSTRAINT `User_ID` FOREIGN KEY (`User_ID`) REFERENCES `missingpeople_details` (`U_ID`)
) ENGINE=InnoDB AUTO_INCREMENT=12 DEFAULT CHARSET=latin1;

--
-- Dumping data for table `comment`
--

/*!40000 ALTER TABLE `comment` DISABLE KEYS */;
INSERT INTO `comment` (`sno`,`User_ID`,`ID`,`Comment`) VALUES 
 (1,'Deeksha','shailey_123','Yeah,I have seen her in Banasthali.'),
 (2,'Deeksha','RupaliRaj','I have seen her in Banasthali'),
 (3,'Deeksha','shailey_123','She lives in Rawatbhata'),
 (4,'Deeksha','shailey_123','I saw her sitting under a tree with a boy'),
 (5,'Deeksha','shailey_123','I saw her wearing a red dress'),
 (6,'Deeksha','shailey_123','She is B.tech 3rd student in Banasthali '),
 (7,'Punam','Punam','Please help us'),
 (8,'Punam','Punam','Please help Us'),
 (9,'harshit','shailey_123','I have see him in Newai around 10 days ago'),
 (10,'ganesh_123','ganesh_123','hjsdfhj'),
 (11,'Deeksha','shailey_123','ghsdhd');
/*!40000 ALTER TABLE `comment` ENABLE KEYS */;


--
-- Definition of table `complexion`
--

DROP TABLE IF EXISTS `complexion`;
CREATE TABLE `complexion` (
  `Number` int(1) unsigned NOT NULL auto_increment,
  `C_Type` varchar(15) NOT NULL,
  PRIMARY KEY  (`Number`)
) ENGINE=InnoDB AUTO_INCREMENT=6 DEFAULT CHARSET=latin1;

--
-- Dumping data for table `complexion`
--

/*!40000 ALTER TABLE `complexion` DISABLE KEYS */;
INSERT INTO `complexion` (`Number`,`C_Type`) VALUES 
 (1,'Dark'),
 (2,'Fair'),
 (3,'Normal'),
 (4,'Very Fair'),
 (5,'Whitish/Sallow');
/*!40000 ALTER TABLE `complexion` ENABLE KEYS */;


--
-- Definition of table `disabilities`
--

DROP TABLE IF EXISTS `disabilities`;
CREATE TABLE `disabilities` (
  `Number` int(1) unsigned NOT NULL auto_increment,
  `D_Type` varchar(21) NOT NULL,
  PRIMARY KEY  (`Number`)
) ENGINE=InnoDB AUTO_INCREMENT=5 DEFAULT CHARSET=latin1;

--
-- Dumping data for table `disabilities`
--

/*!40000 ALTER TABLE `disabilities` DISABLE KEYS */;
INSERT INTO `disabilities` (`Number`,`D_Type`) VALUES 
 (1,'Physical Disabilities'),
 (2,'Vision Disabilities'),
 (3,'Hearing Disabilities'),
 (4,'Normal');
/*!40000 ALTER TABLE `disabilities` ENABLE KEYS */;


--
-- Definition of table `eyebrows_type`
--

DROP TABLE IF EXISTS `eyebrows_type`;
CREATE TABLE `eyebrows_type` (
  `Number` int(1) unsigned NOT NULL auto_increment,
  `EB_Type` varchar(13) NOT NULL,
  PRIMARY KEY  (`Number`)
) ENGINE=InnoDB AUTO_INCREMENT=7 DEFAULT CHARSET=latin1;

--
-- Dumping data for table `eyebrows_type`
--

/*!40000 ALTER TABLE `eyebrows_type` DISABLE KEYS */;
INSERT INTO `eyebrows_type` (`Number`,`EB_Type`) VALUES 
 (1,'Oblique'),
 (2,'Arched/Curved'),
 (3,'Thick'),
 (4,'Thin'),
 (5,'Wide'),
 (6,'Straight');
/*!40000 ALTER TABLE `eyebrows_type` ENABLE KEYS */;


--
-- Definition of table `eyes_type`
--

DROP TABLE IF EXISTS `eyes_type`;
CREATE TABLE `eyes_type` (
  `Number` int(2) unsigned NOT NULL auto_increment,
  `E_Type` varchar(22) NOT NULL,
  PRIMARY KEY  (`Number`)
) ENGINE=InnoDB AUTO_INCREMENT=13 DEFAULT CHARSET=latin1;

--
-- Dumping data for table `eyes_type`
--

/*!40000 ALTER TABLE `eyes_type` DISABLE KEYS */;
INSERT INTO `eyes_type` (`Number`,`E_Type`) VALUES 
 (1,'Normal'),
 (2,'Artificial Right'),
 (3,'Blue'),
 (4,'Brown'),
 (5,'Distended'),
 (6,'Eye Markedly Close Set'),
 (7,'Artifical Left'),
 (8,'Protruding'),
 (9,'Reddish'),
 (10,'Slit'),
 (11,'Squint'),
 (12,'Sunken');
/*!40000 ALTER TABLE `eyes_type` ENABLE KEYS */;


--
-- Definition of table `found_missingpeople`
--

DROP TABLE IF EXISTS `found_missingpeople`;
CREATE TABLE `found_missingpeople` (
  `U_ID` varchar(20) NOT NULL,
  `F_Address` varchar(90) NOT NULL,
  `F_Reason` varchar(50) NOT NULL,
  `F_FoundBy` varchar(50) NOT NULL,
  PRIMARY KEY  (`U_ID`)
) ENGINE=InnoDB DEFAULT CHARSET=latin1;

--
-- Dumping data for table `found_missingpeople`
--

/*!40000 ALTER TABLE `found_missingpeople` DISABLE KEYS */;
INSERT INTO `found_missingpeople` (`U_ID`,`F_Address`,`F_Reason`,`F_FoundBy`) VALUES 
 ('harshit','Vasant Vihar ,Pune','Studies pressure','CryNGO'),
 ('shailey_123','Sindhi Bus Stand , Jaipur','Studies pressure','By Police');
/*!40000 ALTER TABLE `found_missingpeople` ENABLE KEYS */;


--
-- Definition of table `gender`
--

DROP TABLE IF EXISTS `gender`;
CREATE TABLE `gender` (
  `Number` int(1) unsigned NOT NULL auto_increment,
  `Name` varchar(11) NOT NULL,
  PRIMARY KEY  (`Number`)
) ENGINE=InnoDB AUTO_INCREMENT=4 DEFAULT CHARSET=latin1;

--
-- Dumping data for table `gender`
--

/*!40000 ALTER TABLE `gender` DISABLE KEYS */;
INSERT INTO `gender` (`Number`,`Name`) VALUES 
 (1,'Male'),
 (2,'Female'),
 (3,'Other');
/*!40000 ALTER TABLE `gender` ENABLE KEYS */;


--
-- Definition of table `hair_colour`
--

DROP TABLE IF EXISTS `hair_colour`;
CREATE TABLE `hair_colour` (
  `Number` int(1) unsigned NOT NULL auto_increment,
  `HC_Type` varchar(6) NOT NULL,
  PRIMARY KEY  (`Number`)
) ENGINE=InnoDB AUTO_INCREMENT=6 DEFAULT CHARSET=latin1;

--
-- Dumping data for table `hair_colour`
--

/*!40000 ALTER TABLE `hair_colour` DISABLE KEYS */;
INSERT INTO `hair_colour` (`Number`,`HC_Type`) VALUES 
 (1,'Black'),
 (2,'Brown'),
 (3,'Gray'),
 (4,'Yellow'),
 (5,'White');
/*!40000 ALTER TABLE `hair_colour` ENABLE KEYS */;


--
-- Definition of table `hair_type`
--

DROP TABLE IF EXISTS `hair_type`;
CREATE TABLE `hair_type` (
  `Number` int(2) unsigned NOT NULL auto_increment,
  `H_Types` varchar(13) NOT NULL,
  PRIMARY KEY  (`Number`)
) ENGINE=InnoDB AUTO_INCREMENT=11 DEFAULT CHARSET=latin1;

--
-- Dumping data for table `hair_type`
--

/*!40000 ALTER TABLE `hair_type` DISABLE KEYS */;
INSERT INTO `hair_type` (`Number`,`H_Types`) VALUES 
 (1,'Back Combed'),
 (2,'Bald Full'),
 (3,'Bald Partial'),
 (4,'Curly'),
 (5,'Long'),
 (6,'Mixed Hairs'),
 (7,'Normal'),
 (8,'Partly Combed'),
 (9,'Straight Hair'),
 (10,'Use of Wig');
/*!40000 ALTER TABLE `hair_type` ENABLE KEYS */;


--
-- Definition of table `identification_mark`
--

DROP TABLE IF EXISTS `identification_mark`;
CREATE TABLE `identification_mark` (
  `Number` int(2) unsigned NOT NULL auto_increment,
  `IDM_Type` varchar(26) NOT NULL,
  PRIMARY KEY  (`Number`)
) ENGINE=InnoDB AUTO_INCREMENT=19 DEFAULT CHARSET=latin1;

--
-- Dumping data for table `identification_mark`
--

/*!40000 ALTER TABLE `identification_mark` DISABLE KEYS */;
INSERT INTO `identification_mark` (`Number`,`IDM_Type`) VALUES 
 (1,'N/A'),
 (2,'Deformities'),
 (3,'Extra Finger'),
 (4,'Filariasis'),
 (5,'Glass Eye'),
 (6,'Injury'),
 (7,'Leucoderma'),
 (8,'Mole'),
 (9,'Burn Mark'),
 (10,'One Eye'),
 (11,'Other Identification Marks'),
 (12,'Peculiarities'),
 (13,'Pimple'),
 (14,'Polio'),
 (15,'Pulipiri'),
 (16,'Scar'),
 (17,'Tattoo'),
 (18,'Tumour');
/*!40000 ALTER TABLE `identification_mark` ENABLE KEYS */;


--
-- Definition of table `identification_mark_location`
--

DROP TABLE IF EXISTS `identification_mark_location`;
CREATE TABLE `identification_mark_location` (
  `Number` int(1) unsigned NOT NULL auto_increment,
  `IDML_Type` varchar(6) NOT NULL,
  PRIMARY KEY  (`Number`)
) ENGINE=InnoDB AUTO_INCREMENT=8 DEFAULT CHARSET=latin1;

--
-- Dumping data for table `identification_mark_location`
--

/*!40000 ALTER TABLE `identification_mark_location` DISABLE KEYS */;
INSERT INTO `identification_mark_location` (`Number`,`IDML_Type`) VALUES 
 (1,'N/A'),
 (2,'Top'),
 (3,'Bottom'),
 (4,'Middle'),
 (5,'Left'),
 (7,'Right');
/*!40000 ALTER TABLE `identification_mark_location` ENABLE KEYS */;


--
-- Definition of table `identification_mark_part`
--

DROP TABLE IF EXISTS `identification_mark_part`;
CREATE TABLE `identification_mark_part` (
  `Number` int(2) unsigned NOT NULL auto_increment,
  `IDMP_Type` varchar(11) NOT NULL,
  PRIMARY KEY  (`Number`)
) ENGINE=InnoDB AUTO_INCREMENT=36 DEFAULT CHARSET=latin1;

--
-- Dumping data for table `identification_mark_part`
--

/*!40000 ALTER TABLE `identification_mark_part` DISABLE KEYS */;
INSERT INTO `identification_mark_part` (`Number`,`IDMP_Type`) VALUES 
 (1,'N/A'),
 (2,'Ankle'),
 (3,'Arm'),
 (4,'Back'),
 (5,'Buttocks'),
 (6,'Cheeks'),
 (7,'Chest'),
 (8,'Chin'),
 (9,'Ear'),
 (10,'Elbow'),
 (11,'Eye'),
 (12,'Eyebrows'),
 (13,'Foot'),
 (14,'Forehead'),
 (15,'Hand Finger'),
 (16,'Knees'),
 (17,'Left Hand'),
 (18,'Left Leg'),
 (19,'Left Finger'),
 (20,'Lips'),
 (21,'Neck'),
 (22,'Nipple'),
 (23,'Nose'),
 (24,'Palm'),
 (25,'Ribs'),
 (26,'Right Hand'),
 (27,'Right Leg'),
 (28,'Shoulder'),
 (29,'Skull'),
 (30,'Thighs'),
 (31,'Throat'),
 (32,'Thumb'),
 (33,'Waist'),
 (34,'Wrist'),
 (35,'Abdomen');
/*!40000 ALTER TABLE `identification_mark_part` ENABLE KEYS */;


--
-- Definition of table `identification_no`
--

DROP TABLE IF EXISTS `identification_no`;
CREATE TABLE `identification_no` (
  `Number` int(1) unsigned NOT NULL auto_increment,
  `Id_Name` varchar(15) NOT NULL,
  PRIMARY KEY  (`Number`)
) ENGINE=InnoDB AUTO_INCREMENT=3 DEFAULT CHARSET=latin1;

--
-- Dumping data for table `identification_no`
--

/*!40000 ALTER TABLE `identification_no` DISABLE KEYS */;
INSERT INTO `identification_no` (`Number`,`Id_Name`) VALUES 
 (1,'Aadhar Number'),
 (2,'Voter ID Number');
/*!40000 ALTER TABLE `identification_no` ENABLE KEYS */;


--
-- Definition of table `login_table`
--

DROP TABLE IF EXISTS `login_table`;
CREATE TABLE `login_table` (
  `Email` varchar(70) NOT NULL,
  `ID` varchar(20) NOT NULL,
  `Password` varchar(20) NOT NULL,
  `Type_of_users` int(1) unsigned NOT NULL,
  `Forget_Pass` int(1) unsigned NOT NULL,
  `FrgtPass_Ans` varchar(45) NOT NULL,
  PRIMARY KEY  (`Email`),
  KEY `Forget_Pass` (`Forget_Pass`),
  KEY `Type_of_users` (`Type_of_users`),
  CONSTRAINT `Forget_Pass` FOREIGN KEY (`Forget_Pass`) REFERENCES `questionnaire` (`Number`),
  CONSTRAINT `Type_of_users` FOREIGN KEY (`Type_of_users`) REFERENCES `type_of_users` (`Number`)
) ENGINE=InnoDB DEFAULT CHARSET=latin1;

--
-- Dumping data for table `login_table`
--

/*!40000 ALTER TABLE `login_table` DISABLE KEYS */;
INSERT INTO `login_table` (`Email`,`ID`,`Password`,`Type_of_users`,`Forget_Pass`,`FrgtPass_Ans`) VALUES 
 ('Childernmylove90@gmail.com','ChildCare_123','vasant.1',3,2,'Candy'),
 ('Cry@gmail.com','Cry@123','hello',3,2,'Monkey'),
 ('Dasra98@gmail.com','Dasra@123','joe@1',3,2,'Shinchan'),
 ('deekshas90@gmail.com','Deeksha','mysis@1',1,6,'Shailey'),
 ('FamilySecurity79@gmail.com','Family@123','monkey@1',3,4,'Dehradun'),
 ('harshit@gmail.com','harshit','monkey',1,2,'Pikachu'),
 ('indiansalwi@gmail.com','salwi ','qwerty',1,6,'myself'),
 ('joedont89@gmail.com','Joe','Friends@1',2,6,'Chandler'),
 ('lostfound54@gmail.com','Lost_Found','lost',3,3,'lost'),
 ('pragyamishra357@gmail.com','Pragya_1512','lucknow',1,2,'Candy'),
 ('punamsinghal76@gmail.com','Punam','mummy',1,1,'Sweety'),
 ('rupaliraj65@gmail.com','RupaliRaj','Doon@1',1,1,'Pikachu'),
 ('sanskritisingh.0103@gmail.com','sandy_123','kite@1',1,2,'Candy'),
 ('SaveChildSaveFuture@gmail.com','SaveChild','zyan@1',3,5,'French'),
 ('shaileysinghal96@gmail.com','ganesh_123','ganesh',1,3,'Pikachu'),
 ('shaileysinghal97@gmail.com','shailey_123','mine',1,1,'Pikachu');
/*!40000 ALTER TABLE `login_table` ENABLE KEYS */;


--
-- Definition of table `missingpeople_appearance`
--

DROP TABLE IF EXISTS `missingpeople_appearance`;
CREATE TABLE `missingpeople_appearance` (
  `U_ID` varchar(20) NOT NULL,
  `MP_HairType` int(2) unsigned NOT NULL,
  `MP_HairColour` int(1) unsigned NOT NULL,
  `MP_EyebrowsType` int(1) unsigned NOT NULL,
  `MP_EyesType` int(2) unsigned NOT NULL,
  `MP_Teeth` int(2) unsigned NOT NULL,
  `MP_ShapeFace` int(1) unsigned NOT NULL,
  `MP_Complexion` int(1) unsigned NOT NULL,
  `MP_BodyBuild` int(1) unsigned NOT NULL,
  `MP_IdenMark1` int(2) unsigned NOT NULL,
  `MP_IdenPart1` int(2) unsigned NOT NULL,
  `MP_IdenLoc1` int(1) unsigned NOT NULL,
  `MP_IdenMark2` int(2) unsigned NOT NULL,
  `MP_IdenPart2` int(2) unsigned NOT NULL,
  `MP_IdenLoc2` int(1) unsigned NOT NULL,
  `MP_Disabilities` int(1) unsigned NOT NULL,
  `MP_IfOther` varchar(100) default NULL,
  `MP_Weight` int(2) unsigned NOT NULL,
  `MP_HeightFeet` int(1) unsigned NOT NULL,
  `MP_HeightInches` int(2) unsigned NOT NULL,
  `MP_MentallyChallenged` varchar(3) NOT NULL,
  PRIMARY KEY  (`U_ID`),
  KEY `MP_HairType` (`MP_HairType`),
  KEY `MP_HairColour` (`MP_HairColour`),
  KEY `MP_EyebrowsType` (`MP_EyebrowsType`),
  KEY `MP_EyesType` (`MP_EyesType`),
  KEY `MP_Teeth` (`MP_Teeth`),
  KEY `MP_ShapeFace` (`MP_ShapeFace`),
  KEY `MP_Complexion` (`MP_Complexion`),
  KEY `MP_BodyBuild` (`MP_BodyBuild`),
  KEY `MP_IdenMark1` (`MP_IdenMark1`),
  KEY `MP_IdenPart1` (`MP_IdenPart1`),
  KEY `MP_IdenLoc1` (`MP_IdenLoc1`),
  KEY `MP_IdenMark2` (`MP_IdenMark2`),
  KEY `MP_IdenPart2` (`MP_IdenPart2`),
  KEY `MP_IdenLoc2` (`MP_IdenLoc2`),
  KEY `MP_Disabilities` (`MP_Disabilities`),
  CONSTRAINT `MP_BodyBuild` FOREIGN KEY (`MP_BodyBuild`) REFERENCES `body_build` (`Number`),
  CONSTRAINT `MP_Complexion` FOREIGN KEY (`MP_Complexion`) REFERENCES `complexion` (`Number`),
  CONSTRAINT `MP_Disabilities` FOREIGN KEY (`MP_Disabilities`) REFERENCES `disabilities` (`Number`),
  CONSTRAINT `MP_EyebrowsType` FOREIGN KEY (`MP_EyebrowsType`) REFERENCES `eyebrows_type` (`Number`),
  CONSTRAINT `MP_EyesType` FOREIGN KEY (`MP_EyesType`) REFERENCES `eyes_type` (`Number`),
  CONSTRAINT `MP_HairColour` FOREIGN KEY (`MP_HairColour`) REFERENCES `hair_colour` (`Number`),
  CONSTRAINT `MP_HairType` FOREIGN KEY (`MP_HairType`) REFERENCES `hair_type` (`Number`),
  CONSTRAINT `MP_IdenLoc1` FOREIGN KEY (`MP_IdenLoc1`) REFERENCES `identification_mark_location` (`Number`),
  CONSTRAINT `MP_IdenLoc2` FOREIGN KEY (`MP_IdenLoc2`) REFERENCES `identification_mark_location` (`Number`),
  CONSTRAINT `MP_IdenMark1` FOREIGN KEY (`MP_IdenMark1`) REFERENCES `identification_mark` (`Number`),
  CONSTRAINT `MP_IdenMark2` FOREIGN KEY (`MP_IdenMark2`) REFERENCES `identification_mark` (`Number`),
  CONSTRAINT `MP_IdenPart1` FOREIGN KEY (`MP_IdenPart1`) REFERENCES `identification_mark_part` (`Number`),
  CONSTRAINT `MP_IdenPart2` FOREIGN KEY (`MP_IdenPart2`) REFERENCES `identification_mark_part` (`Number`),
  CONSTRAINT `MP_ShapeFace` FOREIGN KEY (`MP_ShapeFace`) REFERENCES `shape_of_the_face` (`Number`),
  CONSTRAINT `MP_Teeth` FOREIGN KEY (`MP_Teeth`) REFERENCES `teeth` (`Number`)
) ENGINE=InnoDB DEFAULT CHARSET=latin1;

--
-- Dumping data for table `missingpeople_appearance`
--

/*!40000 ALTER TABLE `missingpeople_appearance` DISABLE KEYS */;
INSERT INTO `missingpeople_appearance` (`U_ID`,`MP_HairType`,`MP_HairColour`,`MP_EyebrowsType`,`MP_EyesType`,`MP_Teeth`,`MP_ShapeFace`,`MP_Complexion`,`MP_BodyBuild`,`MP_IdenMark1`,`MP_IdenPart1`,`MP_IdenLoc1`,`MP_IdenMark2`,`MP_IdenPart2`,`MP_IdenLoc2`,`MP_Disabilities`,`MP_IfOther`,`MP_Weight`,`MP_HeightFeet`,`MP_HeightInches`,`MP_MentallyChallenged`) VALUES 
 ('Deeksha',5,1,6,3,1,1,2,6,8,35,4,1,1,1,4,'                           ',45,5,2,'No'),
 ('ganesh_123',3,1,1,1,1,1,1,1,1,1,1,1,1,1,1,'                            ',54,5,4,'No'),
 ('harshit',1,1,1,1,1,1,1,1,1,1,1,1,1,1,1,'                            ',45,5,5,'No'),
 ('Punam',1,1,4,4,1,1,2,4,8,3,4,1,1,1,4,'                            ',55,5,5,'No'),
 ('sandy_123',4,1,4,1,5,1,2,2,8,12,4,8,20,3,1,'                            ',65,5,5,'No'),
 ('shailey_123',1,1,1,1,1,1,2,7,8,35,4,1,1,1,4,'Very Talented Person                            ',60,5,5,'No');
/*!40000 ALTER TABLE `missingpeople_appearance` ENABLE KEYS */;


--
-- Definition of table `missingpeople_details`
--

DROP TABLE IF EXISTS `missingpeople_details`;
CREATE TABLE `missingpeople_details` (
  `U_ID` varchar(20) NOT NULL,
  `MP_Name` varchar(20) NOT NULL,
  `MP_Nickname` varchar(10) default NULL,
  `MP_Gender` int(1) unsigned NOT NULL,
  `MP_DOB` date NOT NULL,
  `MP_Fname` varchar(30) NOT NULL,
  `MP_Mname` varchar(30) NOT NULL,
  `MP_Gname` varchar(30) NOT NULL,
  `MP_Grelation` varchar(20) NOT NULL,
  `MP_LangSpoken` varchar(100) NOT NULL,
  `MP_MTongue` varchar(10) NOT NULL,
  `MP_Religion` int(1) unsigned NOT NULL,
  `MP_ReasonMissing` varchar(50) NOT NULL,
  `MP_DOM` date NOT NULL,
  `MP_Address` varchar(90) NOT NULL,
  `MP_State` int(2) unsigned NOT NULL,
  `MP_Pincode` int(6) unsigned NOT NULL,
  `MP_MobNo` bigint(10) unsigned NOT NULL,
  `MP_AlternateNo` bigint(10) unsigned NOT NULL,
  `MP_LandlineNo` bigint(10) unsigned default NULL,
  `MP_ReportDate` date NOT NULL,
  `MP_Accept` int(1) unsigned NOT NULL,
  PRIMARY KEY  (`U_ID`),
  KEY `MP_Gender` (`MP_Gender`),
  KEY `MP_Religion` (`MP_Religion`),
  KEY `MP_State` (`MP_State`),
  CONSTRAINT `MP_Gender` FOREIGN KEY (`MP_Gender`) REFERENCES `gender` (`Number`),
  CONSTRAINT `MP_Religion` FOREIGN KEY (`MP_Religion`) REFERENCES `religion` (`Number`),
  CONSTRAINT `MP_State` FOREIGN KEY (`MP_State`) REFERENCES `states` (`Number`)
) ENGINE=InnoDB DEFAULT CHARSET=latin1;

--
-- Dumping data for table `missingpeople_details`
--

/*!40000 ALTER TABLE `missingpeople_details` DISABLE KEYS */;
INSERT INTO `missingpeople_details` (`U_ID`,`MP_Name`,`MP_Nickname`,`MP_Gender`,`MP_DOB`,`MP_Fname`,`MP_Mname`,`MP_Gname`,`MP_Grelation`,`MP_LangSpoken`,`MP_MTongue`,`MP_Religion`,`MP_ReasonMissing`,`MP_DOM`,`MP_Address`,`MP_State`,`MP_Pincode`,`MP_MobNo`,`MP_AlternateNo`,`MP_LandlineNo`,`MP_ReportDate`,`MP_Accept`) VALUES 
 ('Deeksha','Sandhya Kharol','Gudiya',2,'2012-09-07','Sham Lal Kharol','Sushila Kharol','Sham Lal Kharol','Father','English,Hindi','Hindi',1,'she fell love in with Joe','2018-03-29','Rawat bhata ',22,248001,8769540987,9967578754,NULL,'2018-04-04',1),
 ('ganesh_123','Pragya Singhal','Pikachu',2,'1997-04-19','Mukesh Singhal','Punam Singhal','Mukesh Singh','Father','English,Hindi','Hindi',1,'Study pressure','2018-04-19','2-A Newai Chowk, Street No-3',27,248001,9765544233,9232313333,NULL,'2018-04-07',1),
 ('harshit','Ansh Singh','Ansh',1,'2000-04-18','Mukesh Singh','Punam Singh','Mukesh Singh','Father','English,Hindi','Hindi',1,'Study pressure','2018-04-02','2-A Vasant Vihar Enclave',27,248001,96543222299,8374693027,NULL,'2018-04-07',1),
 ('Punam','Saloni Singhal','Soni',2,'1998-05-29','Mukesh Singhal','Seema Singhal','Mukesh Singhal','Father','English,Hindi','Hindi',1,'Board Pressure','2018-03-31','Mohit Nager nearClock Tower',27,248001,7076543892,76584037264,NULL,'2018-04-07',1),
 ('sandy_123','Sakshi Jain','Pig',2,'2012-08-17','R.K. Jain','Punam Jain','Aniruddha Jain','Brother','English,Hindi','Hindi',4,'She hates computers','2018-04-03','jain colony,Lalitpur',28,226016,9576403747,8790745328,NULL,'2018-04-05',1),
 ('shailey_123','Saksham Lakera','Ishu',1,'1997-04-13','Mukesh Lakera','Shivani Lakera','Mukesh Lakera','Father','English,Hindi','Hindi',1,'Want to join Bollywood','2018-03-22','2-A Vasant Vihar Enclave',27,248001,9867504732,9875048375,NULL,'2018-04-03',1);
/*!40000 ALTER TABLE `missingpeople_details` ENABLE KEYS */;


--
-- Definition of table `ngo_details`
--

DROP TABLE IF EXISTS `ngo_details`;
CREATE TABLE `ngo_details` (
  `N_ID` varchar(20) NOT NULL,
  `N_Name` varchar(60) NOT NULL,
  `N_Address` varchar(90) NOT NULL,
  `N_Pincode` int(6) unsigned NOT NULL,
  `N_Ref` int(1) unsigned NOT NULL,
  `N_ValidNo` varchar(10) NOT NULL,
  `N_Val_NonVal` int(1) unsigned NOT NULL,
  `N_State` int(2) unsigned NOT NULL,
  PRIMARY KEY  (`N_ID`),
  KEY `N_Ref` (`N_Ref`),
  KEY `N_Val_NonVal` (`N_Val_NonVal`),
  KEY `N_State` (`N_State`),
  CONSTRAINT `N_Ref` FOREIGN KEY (`N_Ref`) REFERENCES `reference` (`Number`),
  CONSTRAINT `N_State` FOREIGN KEY (`N_State`) REFERENCES `states` (`Number`),
  CONSTRAINT `N_Val_NonVal` FOREIGN KEY (`N_Val_NonVal`) REFERENCES `validated_by_admin` (`Number`)
) ENGINE=InnoDB DEFAULT CHARSET=latin1;

--
-- Dumping data for table `ngo_details`
--

/*!40000 ALTER TABLE `ngo_details` DISABLE KEYS */;
INSERT INTO `ngo_details` (`N_ID`,`N_Name`,`N_Address`,`N_Pincode`,`N_Ref`,`N_ValidNo`,`N_Val_NonVal`,`N_State`) VALUES 
 ('Child_123','ChildCare_Organisation','2-A Vasant Vihar Enclave Street  no03',248001,1,'C_9878',1,27),
 ('Cry@123','Cry NGO','Gayatri Nagar,Ballupr',248001,2,'N_98715032',1,27),
 ('Dasra@123','Dasra','Mohit Nager nearClock Tower',248001,1,'C_17896542',1,27),
 ('Family@123','FamilySecurity','Rohit Nagar , Near Ballupur Chowk',248001,2,'N_9876276',2,27),
 ('Lost_Found','LostFound','2-A Newai Chowk, Street No-3',248001,1,'C_10654987',2,22),
 ('SaveChild','SaveChildSaveFuture','2-A Newai Chowk, Street No-3',302001,3,'9876543671',2,22);
/*!40000 ALTER TABLE `ngo_details` ENABLE KEYS */;


--
-- Definition of table `no_of_tasks`
--

DROP TABLE IF EXISTS `no_of_tasks`;
CREATE TABLE `no_of_tasks` (
  `U_ID` varchar(20) NOT NULL,
  `No_Tasks` int(2) unsigned NOT NULL,
  PRIMARY KEY  (`U_ID`)
) ENGINE=InnoDB DEFAULT CHARSET=latin1;

--
-- Dumping data for table `no_of_tasks`
--

/*!40000 ALTER TABLE `no_of_tasks` DISABLE KEYS */;
INSERT INTO `no_of_tasks` (`U_ID`,`No_Tasks`) VALUES 
 ('Deeksha',0),
 ('ganesh_123',0),
 ('Punam',0),
 ('RupaliRaj',1),
 ('sandy_123',0),
 ('shailey_123',3);
/*!40000 ALTER TABLE `no_of_tasks` ENABLE KEYS */;


--
-- Definition of table `photo`
--

DROP TABLE IF EXISTS `photo`;
CREATE TABLE `photo` (
  `U_ID` varchar(20) NOT NULL,
  `Photo` blob NOT NULL,
  PRIMARY KEY  (`U_ID`)
) ENGINE=InnoDB DEFAULT CHARSET=latin1;

--
-- Dumping data for table `photo`
--

/*!40000 ALTER TABLE `photo` DISABLE KEYS */;
INSERT INTO `photo` (`U_ID`,`Photo`) VALUES 
 ('Deeksha',0xFFD8FFE000104A46494600010100000100010000FFDB00840009060712121215121213151615151515151515151515151717151515171615151517181D2820181A251B151521312125292B2E2E2E171F3338332D37282D2E2B010A0A0A0E0D0E1A10101A2D1D1D1D2D2D2D2D2D2D2D2D2D2D2D2D2D2D2D2D2D2D2D2D2D2D2D2D2D2D2D2D2D2D2D2D2D2D2D2D2D2D2D2D2D2D2D2D2D2B2B2D2D2DFFC000110800A7012D03012200021101031101FFC4001C0000010403010000000000000000000000040102030500060807FFC400431000010204030308090203070501000000010002030411211231410551610607132235718191327374A1B1B3C1D1F052F11442E12324254363A2B2335362649215FFC400190100030101010000000000000000000000000102030405FFC40023110101000203010002010500000000000000010211032131122241041332516171FFDA000C03010002110311003F00F4DE71FB2E73D43D733162E9AE7147F864DFA972E6A73569878C793D0C5A930A98B53084EB2B4C090A71098E50444D4A4A6A6A3DA54F0CA19AA66AA8A190CA3203A809B54D80F89404245430495671792D10C3878CDB159BC6B99F2A2A999884B9C37E44DAFF00855A6D62290A11228D6873AE3D226872D050AD6F6B4CD1ED0D350D19819E83E0B93FBB2DBAAF58E9541A6B4DC8C90841E1D4B5C7C0D13980088D7E4D71CFF492A59983D1BDD43675E9B8E608F15A320645D58CA3C34B686DA9F0B92ABCBC1374D88DDC5016137B50B896B4D19AD37532563B3E3B1CD0D36C20E5A92B5C810EFF0099233A50D1629F9350BF6B0938381CF63BF9DB4EE4D7C32D34A659687782A1988A70B5DAE16D7DE3ECACE0C5E9618AFA42801FA28AA880CC188E2E70CEEE22D53ABA835DF4579B272E8DE6A34ADE9B8DB4D2BA7BD6B4D806AE69CDA7F3DCAF7604C1070E743D52731BC15197517881DB329D193416AFD1523815BBF28A59A28F03AAE1967BFDE16A133008B67C72FDD6DC796E33CF1D502F4D52BA1F9F9266156835227244811214E488322C4A910189094A9A504612BAB39BDECB91F6581F2DAB948AEADE6F7B2E47D9607CB6A9C978939C4ECD9BF52E5CDAE0BA4F9C2ECD9BF52E5CE0E57C7E33E4F43B828DE14CF513D158A2298E09E531CA04368B035280A4635548B86358A56314AC62999095C86484C47C22F863A46B716020919F1B77249497ADCE5F1DE3C96CDB3E4A905EE2295040D3304DBCFF002AA392EA34E3C7B683B4679F15D8AA436D5E155091518ABC7B96C13F2CD0C635D987004816A6A10B3F24C0006D46FDDDE1463A567BDABA1457014C20B48B8CFC7BD4B12382DA1A9A0B545C70AEE5142650D0551D0A54137295BA3D6D52620C8B7C563454D320AE6248803EA87101B747D4162B4C435278268693456C3678DF64F1B3AA2A0F927F45A09101C2002324E8518B4679108C87B34945CBECACEA2C14DCA1CC6A28712AEC541D6CFF003B959CBC100DBC3BC6FEF4D66CC195F78BD8A265E0814C563A54E9BD45AD26356337362243C24696DE3785AF36062EA91BED9DEB97DBC15B4480EA5464A26C32DC0FA5C1703F6A231BA82CDD6AF3D20E6DDB52385C8FBAAF0B6CDB3140755B9D2BA6170D411EF5433AC1425B439139540F0E3AF72DF1AC6C02B16556269626A5488118912A446CD89AE4E4D720235D5BCDEF65C8FB2C0F96D5CA45756F37BD9723ECB03E5B54E4A8CE70BB366FD4B973839747F383D9B37EA5CB9C1EAF8FC4727A85EA0729DE867955596985464AC5890D1CD0A784D50311709390D343655130E126C108E870A94A8A56E388DFDDC55A934940A915C85CF701FB2D826E3518D075CF7E5BB85957C8C134A9B037F0D3EBE49D32DC5100AD8024DEBA53EA172735DD74F14D44939B2845692C70A800D29727BD6AB3CE7005A78DB8AD9BA5C0486DADEFF1D32439631C3AC01CCD5658E5A5E58EDA44373AB92B1977BAB7561165DBFCA3558D802B4F33F15773899807744AF85D0A6E6FC515170E996887C2696F12894588DD13456525168071B2AD6C3BD118DB0AEE45A522CDB1062A6B447CB3AD5DF6FEAA8E44171EF5B0CAC30D1E1451934C60984DEA5C0BD8F0E29B1E500B58839822E2D5AD754E11696DF53E6A42EEA56B7048FB7C567DB4D0582CB6ED35F82C890481BED51AD0F726BE361CF5F753342CF4EDAB5CB517558DDD46534A99C882B477EC41CBB954BA186B85AAD36A54DF3A82AD6660888E24B80AD1C49CADC477943B08A686C6FF000206A7BF785D12B9EC5251225756B748B466C48952141B1225488222694E29A5070C5D5BCDEF65C8FB2C0F96D5CA45756F37BD9723ECB03E5B54E4A8CE707B366FD4B9737BCAE90E70BB366FD4B97363CABE3F119FA8A2390EF2A5795038AB41A0A44894941A6868B8283848C849C84B196A6BE402B487005C9754D8E11C779DF95B8AAB941534CB89D3C55D35F468B6E0483E91033E3F4AA5955E306359468BDFFA8AF87D90D09DD77B8EFC237D8DBE0A59515ABDD901AE44D34E03E88189103198DEFA5EA1ADF48B8D48B91A557167EBAB19D22DAB3185D406FAFD02921CB9C05EE2054500B5C7EA54D2D118E7BA2C5712D17A1B97B8E42FA0CCA826F69C4886C68DAD87044C4AE42E34D019696DEA0E95C6BA715341D9311C03C0A0AE7A65A269908C4E5E26A12B62F196A026B419FE5D1134E0D6E1199D07C4A960ECC8BBE9DC3EE8E94E4FD6EF24EFA951738D271D52C1EADCDCEED7B91B2DB3A24535230B73C2B6696D8F09B93457B9594380025FD5FF0003FA5FE54D23B2F08E28C32C00A5158342638554FD2BE62B8B5426A03B3D0FDD58BA1A6B6168078A7FA2534FBABE17F1A7ECAA22CD0C89A1A5B895B3ED9913831006C2FE175E7FB45E5AE238FB8DD69C5197288891711A57C3ECA6734B6849CF2EEAD4FBD55B9F93B715712B0F1D2A697184E99E656D584574F4B86BC8AD878DFBD0651BB419439DFD220E609370779D7F2882A2D31F1197AC48952264C4895220313484F4D282445756F37BD9723ECB03E5B572990BAB39BDECB91F6581F2DAA725E24E70FB366FD4B97363D749F389D9937EA5CB9A9E55F1F88CFD411142E52C451382B4989404A02700823E1A3212161846C16D7F703E2AA0172E3F38ABD84C6900349245065620E67CD54C8C171700332680E6AEA2CC0600D637AC2C066716589DBCEE1A2CB92B5E384998DD5C37033A50E9BEB92D7B6ACE188EA3458505FEDA782336AED20D01A082E02A697A70AEA6AA8A5E27EAD438F79A12172C9DEDBE57F4866A29269A003CF54F93656BE1F1414789757BC97971122508A8B5B88559F58971CDE4F409595181ADD40F0F24B124866688B61C0DA907254739D2C624BDC58D1900B87DF5DF26BC162143AE6148C63745AC4EC0843FCE757BD092D3980D045AF7ABF985BBB6EED6851CE4C600282AABE53681228422223B10A159DADB1C3BEC5362D535D100CCA11A081C151ED7DA14B573D066B5C3B61C924AB989B660B0DDD52AD766ED680F22B65E7D29B42103FE5D78BAA7E0AFA4369C3240200AE5911E616966A78CB1EEFADEB684263E1D5B423871B15E23B7D9862B9BB881FF00C8A2F68D965A5A40D453DCBC979732F8269C32ADCF79D51C37F24F34FC5572E4119AB9D8EE0467E85C0351E54D7ECA824DF43456DB3E3963F21707CC6B40BA1CC8A6E139CF24349A93600E40D6C80215F49C1C4FA6599B5B316777D3E0A91ECA1A6E578D4650C4852D522A4B122548906244A913331C1755737BD9723ECB03E5B572B39754F37BD9723ECB03E5B54E4AC4DE713B326FD4B9734B974B738BD9937EA5CB9A5CAB0F139FA85C9A429084842B884744A025A2700983E1045C2A21A1853B330985E6C818A251A48A0353B80B9A50EB43E6B3941381A7032C72DEE24FE7E51072B3AE875E8C905C28F36B8D477249C814022540A8C80BE795C50545F32B1E49DEDAE17AD2923BF4AF7DFF002E86E96E899DC22C2E7539DF702828A72DEB3511EDBADBB9BCBC420FE715AD060038D6BE1A7D56CBCDF8FEF2D07275BF3DFE4B2E4BBC6B6E2C7594AF4C8F0BAAB4FDB8D8CEEAC369E2720BD0DB071D682C0A1A66505294F25C7E5DBB665D69E39CA0D90E81D1BC90F6BC55D42400E06A5B506A2C9BC99D94E982EA121AD692493505D5EA8BAF4A9BD9A356D46742D05092FB348B34003B80F705D539E6B5A735E0BBDED51B1251ED3470B57F28772D9FF82B648A8122682AACA1C0B2E4BDE4EA996A357DA32C5AC5A94DF27CC564471751E7D007234CC12BD3E6767178F46CA926B65922971EE5D38FE3DC73E7F95D57996CCD9719D1431F56B4B9A5E4E4437FE46965E8B0B92D0A622636FF0067959A3D2E2E19274B6C835CBC56D7B1A570003E08CB9AD9A2C786637666CFD83D037D2C5DEBC8F9D267F7C207FDB69F795EEB32EB5382F08E70097CF4634B3035B5D281A09F7953C3FDE39BBC5A84272B4909821D5C3887037D72554CCD59EC9A871C2DB914BDD76D8E395B14ACDB303DC1A715282B6209CAD6A68A86342F2DD557EE930C6017C4EEB38E7FBF7A062C14F1859295F0D46E0ACA24142C484A921962796A6A088912A4280639754F37BD9723ECB03E5B572B39754F37BD9723ECB03E5B54E4BC4DE71BB326FD4B973495D2BCE3F664E7A87AE69558F89CFD3484AB162A49B44E0162508239AA56950D539AE4F60402A786FAF54BA82845EA45D061C971257561CE91BF67BB85EFAE5A210E06E988EFA917F056422D3E9DF5CF8A16665CBBACCCEF51BD63669AE3762A0CAF4C01140296AD696D09DEB64D8523160C4639ECEAD5A43DA2C083F6255172676A4282E0D8CEA437B807EF6E98B85B35EB916418D860B5E0B0B4114B8229504782E3E5B963FF001DBC5F367FB5B6CEB3071153E374E890D452AFEA8EE524C4C59636C6A8DF086A10AE6009F166954CF6D003547D4398D1EC8A2B6561085AAB5E929F6B6EECB7A91BCA1844D1AF094AAB8D6E12846121536D6760775858E4AA87291B0EE4F95FDC13B6AEDB11E1B28082093714B51692ED9DC757B130A2AB6928A16932DB4EE5A6C42B6969D51325DC1B54CBAA178D72F182915C450F486F4CC39D4CD7AAC298C4178AF2B76E3A6E3182D6D190A23C71739AE2DAF76741C56DC3DE4E7E6BAC5ABC097744706B4549C805BCECAD9BD134037753DE73466C9D950E00EA0EB11D671CCFF446E05DCE356C684838B055CC462122C3544A58B05051A12BB8D09051A12094D121A19CD56D120A81D0104AD4851CE82134C14880382EA9E6F7B2E47D9607CB6AE6230574F737DD9923ECB03E5B52ABC51F38FD9939EA1EB99EABA5F9C8ECB9CF50F5CCD54F12CCF5954D4AAD05AAC58B28906255945944116A96A9AB020CF0EDF92B5999787D1B5D0DC403E9179163C08B155211D28FC2284F54E60D3F28A33F1785ED471E1B49203ABC7456723B7A72042E85917FB315C21C03836BFA49CBBB2E08C0E878806436D4E75D2C54B32E606B771ADB7EF2B2B37D58D65D772BD17913B50C79284E71ABDA303CEF736C4F8E7E2ACA6635168FC859E10DEE862CD7DC7076BEEA2DCA64D979FCD3E72D3D0E1BF58ED5F39386EA824E69B11E4BCEB60AFA2420557B76231C4D467A8B29C635CAE96F04330E882989084E3933DC10CDD86D654F49109A8A0CEDADCF8689EF90611FF51D5EE0AE7A78E1BFDB04BC361B11E6A43390DB72478A1C49B357BCF90F826C3D930DC6E2A3404D7CD6B8ED9F2612018D382344180581F4865E0AEA581013A2406B72012B22058E5EAB1BF8ADC4D88505D11D9318E7790AAF29D83204BC3DC33717927520D7E242DDB945321EC6CB027AC03DF4FD2D3D569DD523FDAABE1C10CCB75175FF001F0BADB87F9194DE93D5655425C931AEBD3952B8A85ED4B89212980D158838D0D593821DEC40553E121DF0D5A44621223104AF7B146422A23542E082405ABA5B9003FC324BD9607CB6AE6B2BA57905D9B25ECB03E5B5453C507393D9739EA1EB99974CF393D9739EA1EB99D8DAAAC4B2605232192899795255A4B6CFE0AD2AA87284A25922B6083B3F822E1C829D9E9AC8903B921905B6890E091D21C11B3D34D7C928224A90B7289B3D051E4382365A6A6E6516377ABA99915591A5C84C161470D0752E0438F0DC3BCA4998950DAE74AFDBC10C52554D87F5FA5DEC6885A4BDBA53083AD0DEDB97A3E3AB1A7473439BDC457CD78F98A73F87D17ADF26DC22484024D486915E2D7387D1727F2B8F736EBFE2F277A0D1221AA2A55E859B854E1F5EE4C978D4345E7CDC7A57B8B77C10EFBA0DDB21C7F9BCD152F3214AF9C0AA6AA7B9E2BDBB2483775512D970C094CD843CC4E556B8E99E5BA8261E86E969D6F21BCEE4F8309D15D85BE2741DE84DAEDC114B01B3708F12D04FC569C787DE5A65C9C9F188760389CE71A97509EF1A0E1F64AF726634D73977E3351C16ECD73933A451C4726072A216D29C1410DCA76A0308513D4C546E08019E10915A8C8884885001C46A1DED44C47A0E2C5426A272E95E41766C97B2C0F96D5CCAE8A174CF200D766491FF00D581F2DAA69E28B9C715D99383FD072E7694975D19CE00AECD9A1FE8B9783494244A329D8A9294E0AF2564D4723015ECA4045A24410A4F8225928AC214153B60A9DAB4ADFE1523A555B742B0C146CF4A37CA20E349F05B23E0A1A2C046C69A94CC92A69C92E0B769896551392AAA54D8D166A5A882705EBBB279BD1198224C3DD0C3AED6300C54391717034EEA2BE92E44C8C18461F44C8B5A973E3318F79AE81D41840E1458E7FC9C31EBD54E1CABC4B62EC58F37104380CC47526CD68FD4E76817AD6CED9EC9580D976B8BBA3B39D96273BACE701A0A9341C15BCBEC96C086214BB5AC60FE504D49DE49BB8F12555ED585119D62D20D2846F1F70B9F979E67353C74F0F14C3BFDABE3EE392A89B86E6759A310FF0070FBA3A24706E146625571EF55DB158DDAC06B4E06CA5FFF004ABAD7B88593522C7F03BD007625EA002B498E345CAC1FFC78DE3CD132CD2FB9B0F7940CAC886E63C15AC17857F1233FBB57120D0D1402816B3CA26B9B30FC408C542DE2DA0008F25B36CF69710AF27766438F0FA3882B4C9C3369DED2B5E1CFE2EEB1E5C3EA69E5C1E91CF569B4393B16144C04B686D0DC4D3A43A347FE5C0AA68808241A822C41B15DD3297C71DC75E9AE4D6AC2E498D3210C5335C846394CD72649AAA373934BD4312220322390518A9224541C688801E3B90114A262B90710A1350B8AEA4E6F7B2E47D9207CB6AE59715D4DCDEF6648FB2C0F96D5392B13B9783FC3E6BD539788ECF86916283AD964612BC9686916267163098A60C4AB1232E1498562C48CD73142F86B1620190F66BA2570D283324D87D5411F60B758D43C184FBEA12AC5867C994BA8A98C6CA6210054D48031116A9DE878D10D2AB162F2796DDD7562823E2A5B3D1366A58C46D2B7A2C589E1E8B5AA6D3D92E8641752FF00CCDDFB8837F1407F0C77AC58BAACE978654E6C3DEA66B0AC58A235AC1285C8A96D95539A458B48CEAFE4E570E4ACA1058B104D7B96536E0D6406543E21C41E30F544321C4DF5B223916E84E6B9C61B7A461717BCB713F11A83D6373515D7558B16932B30659E32E51472127285EF798588971700E2708A9F443450502BC80E839360C203D5B7ECB162596795FDB7BC78CB7513BE465E27A70619E38003E0450AA2DB5C8E143125CD280930DC7FE2EFA158B1571F2652FAC7938F1B3C68F122510B162A458BD19E3803448A867BD62C4C82C57A11EE58B101038AEAAE6F7B2E47D9607CB6AC58A723C5FFD9),
 ('ganesh_123',0xFFD8FFE000104A46494600010100000100010000FFDB008400090607131312151213121515151615171A1815171515161715151715171615171517181D2820181A251D151521312125292B2E2E2E171F3338332D37282D2E2B010A0A0A0E0D0E1A10101B2B251F252D2D2D2D2D2D2D2D2D2D2D2D2D2F2D2D2D2D2D2D2D2D2D2D2D2D2D2D2D2D2D2D2D2D2D2D2D2D2D2D2D2D2D2D2D2D2D2D2D2DFFC000110800EA00D803012200021101031101FFC4001C0000010501010100000000000000000000060002030405070108FFC4004B10000103020401060C030505060701000001000203041105122131410607225161711332355272819193A1B1B3F0C1E1E217232542D11462B2B4D2243334828392435384A2C2C3F116FFC400190100020301000000000000000000000000020400010305FFC4002811000202020104020104030000000000000001021103213104121332415161227181A1141523FFDA000C03010002110311003F00EE28739C2C625A4A096A21CBE118620330CC3A733186E3B9C511A0DE77C7F0A9FD283FCCC48A0AE48A7C1CD473AD88F9D0FBAFD49F1F3A9889FE687DD7EA40E1AA488EA9DF1C7E80B0ECF39B88F9D0FBAFD4BD6739B8879D0FBAFD483C3D3835578E1F453930C0F3998879D17BAFCD7A39CCAFF3A2F77F9A110D4C3BA9E38FD156C333CE5D7F9D17BBFCD47FB4DC43CE87DD7EA41B24B6559D212A78E3F45A6C3A773A35C3F9A1F77F9A8A4E752BF83A1F5C5FA900C9381DAA1FED7AE81BF1412F1AF80E31933A1B79D1C4BAE1F727FD4AC7ED1B14B5FF00736ED888F9B9096113C2474DCDBFA2F2D1EABEAACD5636C00C79D8479CD6B80EEB5CAC5E48DEA26DE2D6D9B3FB54C476BC3EEBF52479D4C47AE1F75FA90054D4EBA3811D9A7C1363AA5A4658DF28CDC1A3A17ED5311F3A1F75FA97BFB54C47CE87DD7EA40F1BEE13DA16CA18DF08CDDAE4333CEA625E743EEBF527379D3C478BA1F75FA90694D7B5178E1F44B61A7ED5311F3A1F75FA935DCEAE23E743EEBF52083A245578E1F44B6199E76312F3A0F75FA934F3B38979D07BAFD4829E132C87C71FA25B0DFF006B58979D07B9FD4BB2721F1392A6860A896C6491A4BB28CA2F9DC341C365F32597D21CD8792E97D077D472C734125A09050924925C2120FE7687F0B9FD283FCC448C10873B1E4B9FD287FCC468A1EC8A7C1C0B2A7654F684F2D5D032B3C846AACDD40D09E0AA2723DF3705112A4C8A195D94137B285D10BCDB7D95492A46B6FBF52A957525C5425D64B64CB7A46D18A43E63DAA1CCBC4E58DA2F634BCAF17A4DD20D5564A3C4E09116FBD922A771289E192DB2BB1D5703F2FBB2CA0548D7944A75B45FEE6FB5BD5AA5E0D66D1D55B4E0B598F045C26F1E4EE3294688258D57B2BAF0A07B16A011654B2A7597B95421116AFA2F9B2F2652FA0EFA8E5F3B96AFA279B3F2652FA0EFA8E4BF51C20A213A4924940C48479D7F25CFE943FE62345C84B9D51FC327F4A1FAF1A287B22A5C1C19A54802402785D0301965EB5272F2EA8243F32C9C4AAAF70361F12AC575465161B9F92C87BBE0B0CB3AD1AC17C91EDDEBCCB74F8D97D4A75D2AD9A0C6B5598A9EFBFDF5AF295975A714240E173F01C503746F8F1F76CCEA8A6038FDF1525261EE7F6298425EE3D40803FA22EC170CE8EDBE9EB3BFC2E8259291B430293FC02E7032230EDC975BE172B529791CE7B4B81DADEB36D56E54C3D3B6966E96ED2F37F85BDA11BE1346030768B9EF3AA0F2334F0C17C1C3AA3097B1A1C46849B7A8907E4551F06BAFD4618D7D3B5B6B925FAF7BC9FC4AE778B507829329EBDFD68E13BD1964C092B462161B5D59A2AB2D3AEC54D3C7A9EA54DECB1BA6212A14944DE69045D35EDBAA34536994F0579FB689F8CAD58BB5446E6A417A578022286B82FA179B4F26537A0EFA8E5F3D90BE85E6D7C994DE83BEA392FD47AA0A21324924940C484F9D3F264FDF0FD78D16215E73FC9B377C3F5E3450F6453E0E121A9F9538313C313D665456728E47802E54F2059588CFA11EA1F8955274AC24ACA3532E62A07752F578F48C99B224074B24535AE4E8C5D006B668E1B169F7A2D4753B8B7B5F60D1B7ACF5714B0FA22181CED1BF3F52D5A4A773DC0588246DC58C3FFC8FC02C6523A30C751488B06C281234D06DDA789FBEA46F87D18CCD68D99A9EF3F97CD57A5C35C069A7C80FC56B78311C2F37D9AE37F55C93D6564DD9B552D0371333CA1DC1C5CEEE05F66FFED6808D692F97D486B09A5245F5D80DB8347F52514363CB193D4D3F25454968C68E3FDDB07DEF7FEA86B94F8478488B80D40BA31AA8ECD63554963D1C3B144E88A9A38E4CCF1EFB81F259939F6221E505198E47DF63B771D7543CE3AA720CE76654E8970F93A43EFB96E3421C8B475911D33AED07EEE9CC2FE05268F1F1A8CAB4E3A2AD2261198CBAFA139B5F26537A0EFA8E5F3D15F42F36BE4CA6F41DF51CB0EA3D505109924924A06242DCE6F93A6EF8BEBC68A50B7399E4E9BBE2FAD1A287B229F07130782F4B520BD714E995952A344395EFBBADC02DEAE769BD90FCCE1996595EA8DA088427393ADA5D31A2E95618F8E3BD80DD6D6151C4C3790DCF501756306C2C685E6C2DC3E4B6A4A8A48EC32349EAB5D63295E90EE3C5DBB6566E29117825AFCADF1469727ACDD14E058AD283E2BB31DC903742EFC5A96F611EBE8FE4A4A6A98CEAD0476F059CA232A57AB3A736AD8F170A39DA1CD2DE07443782D666D2EB71B195997C129AA8A061BEC16056F2F1B62D11388EBB84DC6A56F8A753D4B1DCF899BB37EB02DF1DD12453349DCBC0E20F8022DBF487F456E0E50C7211FCA5D7D0EC4F7AC6871A801B100760015C651D3CE0969B7A3A6A38F52B6BF054648C1E5E43D2CC069600F7F0413235748AE80C90C90BFC71B38F1CBE29BAE753465A729D3EF65B6276A85BA98EEC806EB6F0D7DDBDC4AC5B5ACB4F0B76AEED4E62D484A6B469DF450C89F75138A71181195F43736BE4CA6F41DF51CBE7AB2FA179B6F26D37A0EFA8E58753EA82884C924924C31217E7307F0E9BBE2FAD1A2842FCE5F93A6EF8BEBC68A1EC8A7C1C48357AE4FB263F409E32A333117817EDFBD96048D5B75CE1EB5993312D95EC620B45623A2AC6191667B476A20A4C18490E6B7F2037FC7E0B2F0A6E59837BD2EE5717430B138CA37C30B20A12E659BB94DA1E4EC8C93C2101C7B41B0EE5B9830B05BECB10955687E493027FFE75F9C3C38308797020748122DE36F6EC5B2EA2600CD1A32B43480357802DD2EB3C56D3A0BA89F4E14726576A06A8C164B71B5F445EC96EDF521BAAB67002DD84F40F721B34AD1951535DEE245CEBEA2A4A66C7138B8C59DFA5DC4DCE9E6823A214B4EEB12B41B1B4EE02B8B6B802514F4C10C570D74B319591B3520F4C036E89696E53716E3B6EA5C27029A1370FD3CCD4E88B5B00074F9953862B726C15148C1AC82DD2E2B9872922B4EFED37F6AEBD880D172CE5637F7DFF00284787D80EA15C0C076EAE61A75EDD157B027D9F2014946FB1D76FCD3B074CE7B46CB5DBF04D704F823BEDB7B3E693DA42753167A642BE84E6DBC9B4DE83BEA397CF857D07CDB79369BD077D472C7A9F54147909924924986242FCE6793A6EF8BEBC68A10BF399E4E9BBE2FAF1A287B229F0716626543B44F1DEAB4EE4F232322ADF627AFEEEA938DF6E2AD546B73C49559A3549E47B1D8AD063C9B90FF6523AAEDBF50CC552750064AD70D9C0EBDBC53391757773E1D89E903B6F6047C96FE3544237334B385C385F8D814B37DADAFB1D8B528234B0ED82DDA6682872865D16D524FDAB336A346465966E21561A3B4ECA5AFAD0D04FD942E4C8F7673BF01D41030A28B54D1932DDCB7A388D8A15924983B3D85BBCDD68C3CA171E8E425C385B4F6A1A2D96A605A740AE50D5B5C160C72D4B9D7735801E173703D8ADC748E69CE0FA43AD4204B1EBB2B05A00BAC5A5AA56DD55DA89301C4AD893800B9F63340E96A2C07003E08DEA5FA589B9EB56B07C3B3465D6D5CE3DE46DA2B8CBB7654E29AA67157B72B88EA3F22943E32D8E5842D6D648C60B06E507BEDAFCD645AC7E3EB4E27F273A51DB46C53BC651F14F7155A89DA1F92B6470FBBAE841E84E6B657705F41736DE4DA6F41DF51CBE7E7AFA079B6F26D37A0EFA8E59753EA8A872132492493351216E733C9D377C5F5E345285F9CC1FC3A6EF8BEBC68A1EC8A7C1C50AA35455D72A5547AD3CF83387264C9E35FA93201A8D7AFF0014D99D6BFB178D3603B7E40241EC750CA5AC74337846EED3B70238828BE4E52C550D6B402D7DC687E3AF140F51E31EF5EC1259C0F52928A6B65C32B83D1D230F9345B74A491743384CB700A2BC1EC4592774745331E7A9CC6EE3A03A5D4CCC561000B8F6AAD8AE0A1E1CC75F43A6BEC5470BA5F0272BE36BDB7BF4AD702DADBAC2B49326DB0820A963B85C29993423AC7A8155E8E8E95C180B5CC25DB804747A891A2D06E13461F7CCE22C7A39DD6DC7F557489DC97C32392AE21ADC8ED212871185DA35EDEEBEABDACC129B29736379E903BBC0E1A5CE9643D5182C551234E40C0DD2CCD01D7524F1287B51395A35EA9D6376EDC55A881B5D794B83B226E569711FDE7175BBAEA7AC39632849DC65CD3EB65A0CE55D25342D26605ED1A35A41713D564338DD5F8385EEE24587795CFD9A907EF55AE3C6A4AD9866CBDAFB4D1C6AACCD2BE622C647175BABA87B2CAA393A675FDBF34A7B5FEFAEE981665AA336F5FC0AD0BE8B2A9DD627B569B0F14EE07FA45332A645205F40F36DE4DA6F41DF51CB814A177DE6DBC9B4DE83BEA395753EA8CE1C84C924924CD448639C9F274DDF17D68D13A17E730FF0E9BBE2FAD1A287B229F071299CA8CEF003B4D81FBF8AB921B859D5E7423B13B3E00C7C98D29B927AD3E71AB4753546774E90DDF7FBD12236579C6BEA51DD6C61D8519DD6CC18D6B4667BB61F9AD7A3A0A263B2BDF9C8245FF9491C16B0C6E46339A4C8F9335376DBA919E135595C10A4D0C6C93F742C0EE02D3A5A849E5876C9A3A5827DD04C2BAF703A85973457DD4B14F99BBAB11457406F1D11D24A5A32871B756E3D57D93C13F9D95C65327883B15365F7D156490B9B95CF711D57D3E0BDA716D00B0564C3D89B96CA8ABB248CF054714901D380533A4B6A8739478A88984DEEE3B0EDEB554DBA456A3B60B72C310CEF118D9BBF69586C1B5B80BA8F39738B8A9D87C6F50F8A7631ED8D1CE72EE958A376BECFEA9C4DC3BB2DF7F151B078C7B07C53A0FE7EE50898FA77EA3EF45B309D3EF658309B58ADE06FC2DA0F90B26303DB31CBB429177EE6DFC9B4DE83BEA3970422EBBE7373E4DA6F45DF51C8FA8F54610E42449249266A242DCE779366EF8BEBC68A50B739A3F874DDF17D68D143D9152E0E1ED1AACDC58EA56B862C5C64EA35FBFB29BCDEA562F632F8F705E462EEB2F6FD2FBEA5A78151839E67F88C07FE675B41EDB25A2ADD1B49D2B21C42A2CDF04CF146FF00DE7F127B382CF86A0B411A10EDEE2F6ED1D454D20BDD523BD96D92E3540C15F26EE072173F537D389BE889043C47B10D727DB677A915C4573B34AE4757042A08504C42D6C3EBBAD6764057861B6C50721505D14E0A71910BC554F6F5A73B107F6AAA28253376AAD515360B1A39A576CD36ED538A479F18FA829446D0C7D4171B37DBC02A9260A26F0AC71BB8B0589E0EDC5BD6B6A0A70D1A2A75357E09E7D1BEDD44ADB06E62DD4B7D8CE5B2D318DCE6385883623B9266C3B516F2CE833B1B56D6919AC1C3B783BE1F241CE76DF7C133254C5212B5648D1A779F91FC97909D4F75BF15E39DB26C675421D8E896F53ED6EAFB0B022FC51061A2E0FA96D87D8CB2F04E1BA2EF1CDDF93A9FD177D472E13D8BBBF379E4EA7F45DF51C8FA8F54610E42249249286A2431CE5793A6EF8BEB4689D0CF38ED270F98017378B4FF00ACC450F6453E0E28D70D9606323A7608A22C39E4D9D668D37DED7B6CB466C3E28DAE90B038B5BC78DAFC3AD3938B92A46709A8F20361B843A47345B73EC1D6558C6EA9A0F8088FEED806C7C6771242DEABC45A22CEC27A40D9B6B65206A5D64213C763B5BD447C0ABC78BB0273EF2354EA5B63DEAE129F3D197445E376EBEAD8A9963DD10A12A65CC1DFA8EE44F0211C15D7F5145F44765C6C8B676F13B822C8694CBABEC8D57A885005A15390B4A9610782C7A73AADAA57280C8BCC8C04C7B97A1EA11A95666912DF44278E62FE0AA1B7176969B8EE289679382E7DCB2A90E92C3766FEBDC7CBD8B6C0EA667992EC61750D736B617C0400E2D2741A0CA458FC90257727AA233AC4ED3A85FE48C79BD7B4C321E20D89ECB0B6BED5BF4E3378DE30E3AAE938291C8793B1E8E3663234208B5D3633AAEC388E1B14A32B980FE1EB4295FC8902E6375BB0EA164F1B4691CD17C8191944185789F7F7C165D6E132C27A4C36EB1B2D6C0C746FD5F655E2D4839BB8E8B4E6FCD774E6F7C9D4FE8BBFC6E5C49F1EABB77203C9F4FE8BBFC6E47D47AA3187210A4924943412C3E5ABC0A390B8D85E3D7BE4680B710D738B4FE130F9999B2DCC7AF6899847AB4450F640CB8673F9E136CC3A5DAAACCFCCC734EF94FC961D2629242723CDAC7EECAD545697EBA2E928D0A02314B7CA3D3F51B5FF0002BDAC6003C52DBF5B813F7D8A078CB316EC0BAE3B8823F14AADC00B016BEBE35CEA0701B2B37488216EB73B5D6DE147A563B1D3DAB2A8A3E2B728D96372A568A6F662361F013BA33C1D61DA371F028AA8A5D8ACEE52D0DDD1CADFE66D89ED69B7E2AEE1519CA171BA88D48EDF4B2B8261151C8A7A88410A8538216A446E12A6CCC73090568D3BB44F9214F631429BB1C0F6AF475A7358A3AB9435A49D2C1582656375E2269713AF01DAB9CB9AE95E78977E242D1C6ABCCAF278700A5C0A2706BE46B1B2386CC738B6E06AE22DBEE135863B31CEEA21361B10A689D131A75CA739FE6BF1EA1BECB6E95F76B5C77D8F6AC5C3B1765442E7333070E8B98E20E5275B83C5BA2B341563A44BB668B6A2C05EDAFB574E3B8E8E264BBD9B37D535B35CAAD1D434B4EAA8E2B888A788CCE17D5A2D7B5839C1B7F55EFEA538467CE8D99A363859C0154C61708B80D02E7869AAC7ACC5DB1C26727332E3C522E413B8D75B6FEA535363519999135CD709185CD707820969B16E5DEFB9F5154FB434E4B82CD4E06EB5D8438751D0AEA9C868CB6860691621AED3FE77203864D1746E4C9FF668BB8FF88AC735D1AE395B35124924B1B090D738A6D41377C5F5988950D738C7F87CBDF17D6623C7ECBF7065C3389D4343C58EFC16653D498A4F06F3D13B15AB3B7A951AFA412B491E301A15D4165452C723CB2B08E3FD6EB308BB80D3D42DEDEB2ACE21525CC01DA3E370BA81A3A5BDF4F67621B358F05BA26DCDB82D39E4232B1A2E5C40206F6E36EAEF5469CE521A0EB6B93D5A6DED5B186C36E9DC585897BED95ED235BB81E8EBFCBD8A369035B35AAE8F330345ACCE1C5A36374DC3E9ED66F52F29F1863187235CF8E304971B8E81758866977017BEA569E1AF8E46E7610E1D9FD382E4F56AA4753A49FE8A258A056A3659598E24F11252867B880352646AC862F722BA2590B9BA216E5756599941DD14D5481A0AE798F54E77A896C382F9308B16CF26584D444D06C1AD24F539AE3778FF00B435370FC3B374DD7C80DAC3773AC4D87669A9E0AE56BDED8DFE0D8D8DCE616DDDA3834F8C1A49D34BA7B0626FF509755962BF4FC99180540FED33817CAECE45817681F769B05B54B3E563B43B03721DE75CEFD84EAB0792117EF1FD8CF9B9A89EE388045FAC70D06DDB646F2B8BAA2B17471CD1EEEEAFE3E8F2177170701E6E5782743A9B0DB5F9A8B14A832B5CD209E8BB282C75AE5A40B8B76953FDFC9227E3F8A9E775C07FEB22A55DFF00D1562A72299D1D83DE622C6931381D5996CF3A83C2E78A8E97047F84639B96F0B48123DAEBCA3A2181E34376807507700F62D88F706DBEBB0BDB6DEFB05246F37CDAD89ECD74247C94F22756809740D5D4BE2FF9FA34607EDDDAAE9FC94FF848BB8FF89CB95C525DA08E2BA9F243FE0E1EE3FE372D33EE29A39D8D352699B09249254DC48639CAF274DDF17D68D13AC3E5A619254D1C90C4017B8B2D7361D191AE3AF7028A0EA48A970CE1FC1568DD6234EB08C9BCDDD779B1EDFF00983FA263F9B8ADBE8D8BDE7E4BA3E587D8AF6CBE801C6F0ECED2F678C371D6070EF5894F35EC788DF4F52EB1173775E2F76C5C3FF107F459188F3498817E789B08BEE0CB6B3BAC59A8259229DA66D0BE1A05F0788139DCE01A3770362C21C329DAC6F7B7B51A4B82C7230C6F00375B00482D205FC269A1D7AF7514BCD6E22630C0C87FDE0738785B02D0DB5B6EBBABF072071523248E6166D944A0F476009CB723D6B39CD4B8906B40BD0C85B4F2372B5D689C435A0924019AC4FF007801F1EA4331D54B4B2F41C5BB11D4E69D5B7077D0FCD7553C81C42384B616421FB02E90801A7578BB75DF41D84AC8939B0C49D0647474C5ED79C84CA4DA375C96836B8B3B6DF436E0B2CAE3261E297695F09E5DC6406CCD2D3E70D5BDF6DC7C51551E2314BAC7235DDC45FD882873418A79B4FEF8FF00A548CE693151ADA0F7C7FD2959634F81A8E75F21E86A528B04234FCDEE38CF16460FFD4B8FC0B5593C8CC7ED6F0B17AE569FFEB43E30BCB1FB1BCA0ACB0B04193BB5B944B55CDA634FF19D11FF00AD6F93153939A1C55DB880F7CE7FD2A2C5BD9A7F9514A90D02F0C61B6B18EF6BF5C8E04FAEC3D8155F059C3B3696D05F5E03444781F36B89C63C1CAD80C7D2B7EF2E59717197A22E0BB71B6A5689E6DAAEFE247EF001F2E0BA78B2C1468E4668C9C9BFB006998D86A1CE69E898F33858DED9ACEB6DB5AE8BB103148D618AC1C1A5CE24BAC46E2C4E86E6EAC9E6C6B338700CD9C083203D170D869D607B4AB10F3775AD160D880EA1269F255258A4EED071CD9631A560BE7DCFB13DA49200FF00F1141E6FEB7CD8FDE7E49F17202B01D5B1FBCFC91378BF0079332F97FD988D1A8D3403D7DDBA463D3416DC6FD5B1DFA912C7C88AC03C5670FE71FD1387226AFCD67FDFF921FF0097E0AF2E7FB60CCB3651A69A6C175AE44FFC0C1E8BBFC6E406EE4256937CB1FF00DFF92E89C99A27C34B1452001CD041B1B8F189DFD6833CA2E2922F1A7DCDB35124924A9B09326932B4BAC4D813668B936E0075A7A4A100696A2AE94D5939B248609992657CA1AF91EC8AA216372E6CD6687306520192DAD8856F00AFAC9648C97668325CC862C85CF12543658A46B831F1BDA053FF0028BD9FA1BF44AE46022C4020F022E3D8935800B00001C06814201336255EE96B440E2F10C93C6D6E48ECDB51433439496F49FE1A4CB6248CA4DF6BAD07498807C401CEC2202E2E631BABA63FDA9AFB5B2E48B2965B5277CC896385AD24B5A0171BB8800663D66DB94F50873FC2318ADA8116499D77491786B531678389F4F3669182689B9A333359948CDA0D49D569CF5389064CE6B017B25786476681246D7C863C926A1A5F1F82D5C080F06F94125A551C2D6F8AD0DEE007C93D4202557538907B98D60CA6621B286B4E589CC98C7788904963C401C438E66B8105A7306370EA5AA7622C9E78880C8EB23CC0303031D5103A9B2D8E675E36126FB3B36DB22F49421CE2A24ADAB8276EB3465F52CB648C16BE0C403200CB019BF76C90BAF7D58DDAFAEC435589743A17FDEB8749AC19A3FEDC1B7936CBFEC9D3045AEEBE97B3496450B5BA35A1A09248000B93B9D38A7A8402A89D893191B72B9C7C23F3193212EBD70CD988D9829CBDCDB7116EA69D3C52A2B3FB5319131DE0340F7E58EC03A1A8376924B8912360E000CDB3AF704492A201F3D04B2E13153544733A6969DB1C8ECB148E8E5F046EF7E62011985B30B9BB81B8F187983E1756DAD12CBB6679738389678334B48C6C6DB9BD84B1CA40FEE927C6D4C525640525A9AE02A0C6E13065430465BE0AEE81EF8BC38B06802489A26037BDC5C122CA1ABAAC4C1735AD738082501E2389A0CC29A3744E6B4B9C759738D74D6C4580712F6300D0003527416D49B93DF74F5080F51BEB5B3401C7C244F8EF212D6B1D14995EEE03A4CBE56DB470363D305D9727944310919531061C8E64E1B9036FFEF2114C187739D867CF7D88E1A5CD925080DE30EA984C11D1C47C18C998064618D678785AF1A9041F04E948000DB7D2C71E8F1BAD91CF0C797D9ED05A207465ACF0B3B5F342658C09596FECC342FD9FD6D24F132385ADBE56817DEC00B9EDB6EA1054F9B2B73DB35866B0B0CD6D6C2E6C2FDA548924A1049249284124924A10FFD9),
 ('harshit',0xFFD8FFE000104A46494600010100000100010000FFDB008400090607131212151313131516151717181A1818171617151517181717171715171717181E2820181A251D171721312125292B2E2E2E171F3338332D37282D2E2B010A0A0A0E0D0E1A10101A37251F252F2E2F2F2D2F312D2D2F2D2D372E312D2F2D2D372E312D2F372D2E2D2E2D2D2F2B2D2E2D2D2B2D2B2D2D2D2D2B2F2D2B2B35FFC0001108011100B903012200021101031101FFC4001C0000010403010000000000000000000000050304060700020801FFC4004E1000010302030406040908070705000000010002030411052131061241510713226171911481A1B13242527293B3C1D2F01516233354B2D1E1245362637374F14344648292A2A308172534C2FFC4001A010100030101010000000000000000000000010205030604FFC400351101000102010A040404070000000000000001021103121321313252718191C105414251066162A104B1C2F01422234382D1F1FFDA000C03010002110311003F00AD769B682ADB5952D6D5540689E50009A400012380005F209833686B4FFBDD4FD349F796BB58DFE9B55FE626FAC7252868EED0570C2C2A3229D11AA3C860C7EB7F6BA9FA793EF2506375BFB5D4FD3C9F792DF93AEB4752160CF45D33546EC74093F1EAD1FEF753F4F27DE5BFE5BADFDAEA7E9E4FBC984D38BE9905A4D524E8133546EC74041F8FD58D6B2A7E9E4FBC9176D2D5F0ACA9FA793EF212E5E5933546EC74057F396B7F6BA9FA793EF2F3F396B7F6CA9FA793EF21765964CD51BB1D014FCE5ADFDB2A7E9A4FBCBDFCE5ADFDB2A7E9E4FBC855965933546EC74057F396B7F6CA9FA793EF2CFCE5ADFDAEA7E9E4FBC855965933546EC74053F396B7F6BA9FA793EF2DE3DA5ACE35753F4F27DE422CB2C99AA3763A0332ED0568D2B2A48FF1E4FBCB6931FAD0D07D2EA7E9E4FBC83971B5AEB73292DB266A8DD8E80BD3E3B5AE17F4BA9FA793EF254E335BFB5D4FD3C9F792383C6DDD37296A99A360D41299AA3763A06D2E3F5CDD6AEA7E9E4FBCB7831EAD70BFA5D4FD3C9F7935AC903980E88860947BD1DFBD33546EC741AC98D56804FA5D4FD3C9F79742F5AEF94EF32A8A970DB839702AF5DD5E6FE21C38FE95A37BB2F439E369E3BD6D47F989BEB5CA5186D086B1BC0D903C519BD5F38FF899BEB5CA438BD7C7116EE9B90079AF4787A688E08899A66F0DAA636462EE23ED51DC5B126BDA1B1DF7AF9E5C3C5213543EA24B0BE654E28B66A0A1A7355546F619378977068E64ABDB5262B98BFCFF00EA1984612F67E9E4B36300DCBB21DD6E66E02095752DF8318ECF1711DA77F009EED1ED1CB54F373BB15FB318F82DB643C4A0974B69BA26B99A629F283CAE91AE11EE9CC30070B5AC477F14BE0554C8DE4BF2161C2FA1048F58C90CBAF4289A6262CE94E34D3891891AD8114C4AA9923230D39B7237CBE2B3ED0EF7A1ED88F779AC7B0839853317989529C49A699A63CDA6E95BC43307BC5F24A5F2B5BEDF34A8008372011C0F1D320471F152A43310DD748E737304DC65BB6BF0B14A523E310CAD713BEEB5B2D374DC67C2E724888F3ECB80CB437CFD9658E79D5D636CB4FE0AB93A2CEB18B315CD76D77FB9381C1AF693A0703967A1B94E7199992480B0E5602F6B7124E5EB49B636BB2045FBC596A60701C0F77F0536D3744624C513479495865DC8E56DCF6B76D6D35ED78649AD33ACF6DF4DE17F30B335832CC6A96D68CE4E8F97FBBA5B160CEAD92F0D834345EF91BDCDC81CB3D515ABD9914F0EE665CFCBBC9E1EACD79D134CD7546EBA58A3758D9AF6B8BE5073706BEE1ADD01B67A6992B12830EF4AAA7496FD1C5937BDDC5445316B2D38D54D735F9CDFEEABB19D9714F0B243AEF349F3B947366A944EC73DA3227977952CE9430FDDA326DC426DD12D1EFD33BE729B69BAB1893144D1E5268EC17B9587D52F7F258E488752B0FC6E9CACDF3EC8A5CC38F3ED595246BE9137D6BD3601D21CD16AAC3BAEAFAA03F689FEB5CBD9A2119DD1A85B385B14F0854BECF51EECADB0CEE9DF4AF8BCA5ECA725BB8D01C1A0DF3B11776591B1D12BB36409038E8332792856D25775F512C80DF79FADB50321EE5D00B2562C5ED907AD0946B72BF2F67259BA6DE1F8BF7AF6296DE1A11CC2074292ED0E6BAE4DF2E3958FE3C16A6122C0E57D01371EA2122C75B43A660FE38A791550F84E66F34E4EB73CBB4391D2E34281234841F84D1DDBD6F2E694651659BADE22DAF1DEB5AC9ECA20DC003ECD36B1B1DCCC67702E58E1EBEE2526CA12D3786A21765F19ED8CFF00DF97B7C9037750B86803FBDA47B8249F4EE077770B49190768EEF69E29F48FBBAEE1B920D6C0871235DC7B4F7699F72D3D3DC4104970BDC1D6C6FADB81EF163E2807B231DE3EC5B13C0DCF23C53CAA9C48778D83FE534001DDE6D913ED4835A34F769EB408C8D23F8A4CA781A79DFC4FF14DA56817FC7920D58E20820D8837F58D1747F43B5B1CD46D6B6A592BDA2F233AB0C958E27439F69B9117B7AD737F044367BAC151198A5EAA407B2EDFEACFCD0E395CE963920E89E97211E80EF108674231DE9A4F9C91DA3825FC8A1D349D63C93DACB31BC776F636DEB646DC41C825FA0977F4797E7041647A384D77113B21CB1BC5FD1CFB261CEF431135B5647F5F3FD6BD32AD86CE20E65148240C96B5D7D6A271FF0095E81BC939DD6B616C470841D7563D1E5B97005B6EC8BBB9D8282B88E1A2B3306A4EBA391A496F61C490013602E723AE9A2AC9E6EAE3C5B6EAF1AD4B3588358DD6D56C23B9CACB610DD6EDA7720F2A291F1FC269039EA3CC64B58A5B5F8822C47E3CD2CD85E34B8F039792D0D33B9790B04095C8D3F915AA234584C921B31B73C8667C94B309E8E6A24CDCD2D1DFEF41078E470C92D1B6FA5C1E635F5AB3E0E8CCDEDE6548F06E8C210E05D98E5CF9A0A7E930992420069F50FB3C93BFCDD907C5395868574761DB35042DB3583C6CB69B068AC7B23C820E6B761320398CB9A1388C25AE20EABA2F14D9F8774DC7B80545ED6C21B3BC0D01B023F19A08F2C391BA5CC56683CFEDC8241E82E666D81C43089DAF6B58E83AB6D81CC8235B1CF774B1EFE36B939D039FD14C3BC7DAA05B27591CB84D434C0D134361D780379D1B89218E76A77780D2D6539E81DDD89FC420B690D4490E58DE2FE8E7D930A0EB70975AAA5BE5E9137D6BD46E039D949F15C703454C23FAF96FF48E51BA76176602D6C2D8A784206DF2F55453BEF62637341191BB86E8F7AACECA73B4B505B43B9F2DEDCEFC0676B71507BAB8D989D46D4D224FE1081485A8A5353DD318988D61CDBDAE81FE1F850770521A1D9961CCB47924B0A61E0149A89FA017F5A0DF06C25919170385BD4A610900205131D91B22F4EE24207CD784E192808698D61BA022FA9498A8BA18F795B44E3C90278D35DB84B722A83DAE044D2349BF681FB57443D9BC2CA84DBEA22CAA75F205DE76199F6A08C806EF6BB831D972B0B81EC4C266DBD68A46CDE712757B8793AE0FEF2F3138006F78FB42057665DFA3A8CC825ADB8B6445CE77E6AC5E873681B4F23A3783692C011CD41F64D909A5AADE3698166E8E6DB1BFB5585D07D03247C8E78B96816EE417634DD0E444043ECB1BC5FD1CFB261CB98F44455549FF00889BEB5E90A4C41D1E8A6BB7D8636391C46AE739C7D6E27ED509C3B0F7CD26E305CAD6C2D8A78421AED3E25D6C7136D6DD2EBF7DD476EA578F6CECB1B1C4C67B39F80E2544D5C6F16A88D3943E119A7F0EA80A53311AA28B4416989BA3F86CB9E882578532E0000FE07FA29051348CC8B94CB67A41602D652EA6A50403C5022D6820659A7D4B1F705E1880B2522C902FD5AF1D105AB0A719140DFAA03FD56AF892CE72F1B9A0D1AAA8E9868FB4D781F17DA4E7756F089427A52C21D2D35DA2E5A7D682938AC774839823D8466BCC525BDCF075BD99FB8A6CD3BB70723F80929E4BDAFDE81CE0F17EB88E0DCFBEE7256B740D2FE9666FF647BD40367F0C71A0A89EC037AC6303B89205C81DD9853CE81987AF94FF0063ED417721A8921CB1BC5FD1CFB261486DACE5D3497E0E70F694B743F461F52F7117B051DDA7C603EA270784B237FE97B9BF629974272460CA4B8071B5AE56AE16C53C2103DD286D3D3E1EC6075389A496F6613BA3707C271363CECB9D7149637CAF744C31B1C490C2EDEDDBF0DEE2AC3E9DEA1CEC4C349ECB208F779768B8B8F9E5EA55BCCCE3C174194C13F80734CA9C64B711B8A03D4B2B41CC84628E568B58DFC9433D11EBD02567CA082DBC2AB3748CFD635538A1C472D782E79A5C76665ACE3EB528C276ADFC491EE41744788836078E897F4C1C955F4FB464916CF3F108EBF1BB34127F1F6209AB6AC2C7E24C1F180F1205FCD55B8B6D5C80760E6ABDC56B6591DBCE91D7BFCACFDE82F9C436D2960C9F20B8E0354D3FF73A92E00DEE5F82B9F893C5E3D649FB13B8A21F1A6670C8EF0D465AF041D23866DBD1C82FD686902E41D6DCFC1136D7D35534B63918FE601CC7AB55CE14387B1C45A617EE767DF62A77B138086C8D7095E2DF25D6E37E59A0887491811A4AB2D00EE385DBE0A2CFCEC15CFD3AE1D78209B52D76E93C6C465EE50DE8FB090268EAA56B5D082EB83CF202C0EB9A09EE09B1C1D81C51BE66422CE99F25AEDED92E1BD98B00DDD1EA5A742B46E8679D8483D9696B9A6ED7B4DF75CD3C414C7A526CF3C7139A5CCA622C236F65A48D0BC0D7C12FD08D6E6F63BE144377FE47DDCCF221E105CF74392904FBF9F0092BAC6F17F473EC987316D5D296555477CD29F391C7ED4C70FA8963ED46E23C0D91EDB3FD74DFE2C9FBE5058ACD66AB570B629E10832C76BE49E40F91C5CE0D0DB9E42F6F794C5C32523ACC163C8FA4C66EEB5C11602C4DCE79696F5A6C3098CC61FE911E60766E03AE786BE3E4BA00D4CDC938BEEA2EDC16368CAA233636D4679DAFAA5D983B093FA78F200EA2C4907219EA2C8237D6389CC903B96D534DF25C5C08E7983E08F330A6589EB5997220DF2079F7FB1250D183A0081A434AC21EE9EE1C4343431BF06C00BBB2B0C80C90F376936BE478E570A56FC3ECD25C74F2BA0F5305C8BFAB9A035B0F48EA894309F7ABB8ECA4260B6EE7CD557D1C90C9C01E7CD5ED486F1A0E77DB1C35D0C8E03217B0FB5017501047E8DCE02DBDC8922FBB7BF82BF369B65A3A9692467DD9289C9B292305882F68D33371FC9056589E1FD6EE98E2EAC86D9C1C46E9B68411C782734781BF7899C75A7AB0D606BB205AD0D66F3ADA3400001E6A5A76689366B8B33D3F91F152EC2B625E402E92FF00F2B07A8E482ACA1D81AA94EF30068E59E5E1C94DF61F672BA09AD2DC301CEF9870E60AB370EC23AB007F0447A9B2088F49B41D761B301F09ADDF6F8B483EA513D81969086C2F900735A086BB2049172473566E2508918633A3C6EFFD592ACEAB615D13CBEDA5C03E1FC904DB68E8D9514858CB1DD734E5E362A1FD1E53186A6AAC3521A3C181F7FDE0A47B1AF7F54F0F1A219B3756D7623342DD228F74F7BCF69E7DA07A904F3000E2C25DCCA5ACBCC11FFA3F595EEF2C6F17F473EC987386DA7EBE51CE693F7CA155987D98D20EA8A6DA9B54C97FEB5FFBE5358ABE376E83C2DEC5AB8736C38E1D934C65551020EA46DE3161D9201C867D9E3CD691D38247591B3F58432C07C1DD3ADBD7EC5A458AC64BAE0B7B7C9C77BBF4CB2CECB48AAA3889ED39DD63F7FE0BACD16FE43CD7C534D76B59EA68C5FC3E5654551699F78F946A9D3E5DDB619BB28DE731976C8F6E4D0321CD7B84C6D31DCB41B39FA8E4724DE96B6287B20B9DBD21793B846EEF7771094A7AB8E2019BCE7025DDADD361BD9FAD4CD3569B44FEEEAD189837A66AAA345EFA635CE4DBF2D6D61AC6B8B0D9BBE4D9DD9CB74E96EFC82250FC270DD161A585B2B2177634461B9EEBAE5C1BECF6A2104A0B9E45EC7B8AE9551E74C7EEEF970B1E22629C5AA35C5F56E4F7B5E7CE4F1CC072234B7821B5B181D61B0B6E348CB420906DE411395F602F95BDC813B1163992B2F9EF38375CC120FDA7C9529A6ABE88F6ED7FBBE8C4C5C19C398AAA8BFF00379C7D56FB4E8E490EC253B8CDBD657961927600EE0AB5D898D9D5822DBD978AB2B0DB6EE6BEF79829235346373B227604207553F5728693A8B841BD5E16C7E63275B50BCA46BE336253A8DF75E3DDCD0396D4732BC7545D0A965BE8B689E507B8AD46EB6E012411EF4BD6C4E92021B60E70CC9D073BF7A61894CD00179706DF32DD78FF00A27386CACA9A77C7192C16201F8DE39A00F262D05344F6B5DBC21697CAE1A0B0B86DF8B89E0AA6E8EF693D1E7966945DCF0E73BE738971F69535DA7A6631A28211FDA94DEE5C4E6378F1275F2502C43679CC277410809E21D275459ED8CEE837F156A7A4BBE515CF15385385FC0AE82B2F37F10CCC4615BEAECBD0A576E0DEA651FDE49FBE501A46D893CBBAFEF45F6C5FFD2E7FF164FDF721B4BF05C57A0C2D8A78428444CF71B5FD8395BDC9F62123C0001B65C80FC6898D23C1781DE88E3EF6B5C0772E80436A9F73739F80E77FE1E494F4B7659E9A64395BDC511AE8C7A2070D77867EF41588094150EE63C872CFDC3C917A2AB76573EC1F8E082536889521B59014AFAA3D59275B5828BD18BE9CC9F6A3F54779A4792051D2BDA7B2467CC203D876D0BA9DE00390560D26DE9DCECE66DA7154C8A576F58017523C230799E08BEE923EC4161ECD749CC74A5931B006D7045BD6A638BC02A1D1CB1BB26B4DF77BED6547E13B0D5551380CDD6E79BC8C80E76E3E0BA1F05C2594D0321668D1993A93C4940328A72058F04B4CECAFC52D5949637099907427D45022C249FC7AD3C6A41A2CB6EB020C96B618BB5339A1A72BB8F75F8FAD2184E3D4D2CBD4D376B8B9C059A07DA806DDC06489B6D1A493E56516C04CD4E7AD881396681DF4A550EA6A8DF8F22ECCF79516C3F6EC9CA56870F5271B5188C95AF3BE2C464A1D3E14F6A09F36BE8EA06A1A7BED6569F56DE6B9866DE683910BA4AEBCE7C415C539BBC6F765E88521B514EF92AEA031A49EBA5D33F8EE48C3412B596730DCF0B2B77A33A06BEAEB5EE68369A502E2FF00ED1EA575F411BAAE31B8DC85F45BF85B14F0851CF38660D2191B789DAF2295C7F0796490EEB1C40E417504D4D18693BADC81E0100C26A63734B638C39D73736FB574143E39873A1A1635CD20924E6144A25D3D8F6CBC7561C261A34DADC2E17313A32C7398ED5AE2D3E2D363EE40F298A7F13AE864253A8DD9E481FF00A425182F90D32CF443A691AC03CFD893189696D7BD04CF67F086C9335B604B85EDDDA8F629961F839135830EB7B91A7036CB35504588BAE0890870CC106C4119E488CDB675AE6EE9AA7DB426E038822D62470B5D0743535175798E56245883E3DEB635FBB938F87F3B65FE8B9CE8F69AA20B18A7905B86F12DF0239292D274A8ECC4EC05DC4B3B249BEB6BE482E56D6EF5811A8BFB6C939DA08CBF1DEAB8D9ADB5654C85B670B6973C4F78D3F929E41276723978DFDA831AEF583E6B527D8B42755E4B2060CD030C588746FBFC10DB1F14EF64A998E8C0B02084023ACEB5B2C65B70E1BC0F304903F754A363A10D601C82089ED8E071C0E7BD82D95D44D910706DC7C20AC3E915BD97FCD501A61FAAF02818CF8531E08DDD7256EF51DC816C66CE89D9D69F8AF361CD4EB73B960F8DE1C579BBFCFB2D4CA27D18BDA1F59CFD225FAC7223558D451D759C73DDB0B2AEF67EB6A0545536069B9A89AE787EB5EA51B0987F5B5523E7ED3DBEF5B785B14F085531AA925918481BADB7ACA7F82D235918B0009172BDC50DA33EA4E6945983C15C0EAF92CD99DC9A7DCB95F6860B4BD670909F3073FB174E63B2EED3543BFB27DCB9C3695BFA085DCDEF1EAB028034453C810E8DE9EC2E40F2A62696DAC2FF008BA4A80C719EDC41D98D792DDBA6A96EAB7869728275B2B3E1AFBEFC313496E840D6DC0F8952D9B0CC36E1CD8E0B6EF7666FFE9E6A96F4071E36FC68B4F4593E5903C4A0BE24C4F0F8C06F5709E1A3743ED36084B9B475BD8652466C05896EE8E47BEFE3CD567835012E04B89233F2562E1351D480072F3F1E680DC3B294B10BC71B59719EEE432E16E69E431060B7921D1E201C75CEDF8F5A74F98819E683779002018B5675AE6C3193BEF3B835B67ABB2E0334DF68717EAC386434E1E49FF47586B9F7AA941B9CA3072B378B80EFFB1079B4E0C0C91B1B726C51B41E395D1BE8EE42E81A5DAA431A0C334CD27E233B3E68B6C8C41AC01A324013A473D97FCD500A71943E054F7A44193FE6A8142DFD47814166F46320EA1E393CA9264A11D1D3C86BC7F694CAEB17C5FD1CFB2615FD1D48A782A5ECB6F99A5F1FD63927D18ED133AE7C725F7DE7555F62F8A3FAE9E3048027987FE572618462CEA79DB283A15AD85B14F0843A5B1D90060EF2123438F47248E85BAB1B73C95718FEDDB2A206F5770E16BF8A8F6C5ED2BA3A891CF3939A7F92E837DBCDB89BAC9699A6CCDE20F3514DA68FFA040EFEF9C3CD891C6A5124EF76B7714FF6A87FF1D1774DFF00E1043634E627A6F185B202D191647F06A50E22FF008E4A250545948B03C4034B78D88C8A0B0B0AD9D649939A381E7F8CD4A29365A9B7434C6D281E158A86806F95AE0E5F8E499C9B44F1366E2020980D8AA70779AD03B82D6A3670006D9F24A61D8F0737336EFBEA0E9EB4EA5C49A0EE939917B0E19FBB9A08EC587754E25FFC50BC6F196C4D3BCECCDC0B70CAE3359B73B50C6D9B1FC23AF86BC38AAE60DEA89374DC8BE79F337B0F3282418453BABAA1BBD7EAC733E4AE6C3E011B4346400515D8CC1C44D19594CB44117C6D8D6CB2C963BC636DCF0B0BA33B22EBC60A15B56E1D549C3B23344360BF50DE39200BD220F87F3541207DBA8F02A79D228F87F3540A06DCC1EB4135E8FB493E71534515D8E8B703EDC5CA53BCB17C63D1CFB2D0E77DA186D553D87FB5949F5BDC83C706FBC3799523C65C0CF506E2FD6CA3FEF7261451B40DE1F081C96B616C53C2151FC4B670B191C4C177B8025068B0E743216BC59C029461D8E5A78DD31B6E843B19A9EBAA1F2374E0BA08AD553B83EE7894F76A9FFD0631FDF0FDD486D3622D8DCD02C5F6D3977951C9EAE496DBEF240390F8A3C020F236E4B6DD4B46CC96E6340C9C2D9A7147545BF8CD6B23523BB73DE827B866360068CF85FCC5D3AAFC518EB1163A9BF1F2F255E47338714BB6B1DDE826FF009C0059B7CB23AE5EABF726B886D43E40ECEFC35B9CC7C5E5EA51412B9C743EE44B08C25D3B80D2E469ADB440BD2C72543C0682EE1C72EEF15616CDECCF556B8B1CB86A79235B33B351C11E433CAE7BF978290434F9F77F340EE861DD6D93B7A4DADD2C9539A08BED654C6CDE0F7B6EE8AE1848DE21A6C481C40B846B615CD3034B7455A7FEA069ECDA39464439EDB8CAD903F627DD0FEDDB486D254D9AE39452E8D79F90FF0092EE4743E3A848BA44F8FF00354230F7341A7BA9CF4863277CD55F45AD3F8A09E61F36EDEDC4A92EFA8CE1807B549ECB13C67D1CFB2D0E6CC52522AAAF3FF789BEB1C85C756E0EC8F14FB1C36AAABFF3137D639068DDDA5AF85B14F08546F12AD710D24E765AC58B98E27126E4E407329962126885492EF1EE1A2E81569BEF3DE6E4FB4ADA97329B39FC12F486C80AB025836E9AB1E9C46F4094D1A6CD627EF72686D741BC5102734FA2A5053585C2E9FD3CA2E81ED2E1972DCB2E2A59B3D45D5BAF95C1CB4F23E19A074756C0DBE87DE89E1D577B67FC1059B4935C6BF8EE4FA17E4A2F8756E5AF7222DAFEF407448B66CA80B710EF5EB6B803AA08FF004E542E9B0F6C8D17EA640E7730D23749F68546D0CC40B5D74AD54ED9237C6FB16BDA5AE07421C2C7DEB9BF18C3BD1AA6587835DD93CDA736FB104EF0ADB37CD17A3D4BF79C1B68E43AB87063CF12381E3C53881C2F4F7E6ABD6C7BC8CE1F8EDBAB64A6DB87271D2DFDAE47BD05BF8354B4EF5CE8E52EDE0A95FCA4435C5AEF8DA82AD8EB160F8DD5939BE7D96A5426D242DF4B9DA38CF293EB91D748FE4A8C76AFA26DB47536ADA8B9D2A26FAD726F498A39F2B1A01B5F41C72F72DAC3D88E108B5E6D063885487136D34079A66D5349591B890EDDB81DABB45DB9682FDC0F92F58E37703BA33B6405C766E2F9EB91C95F2A3DD7CCE26ECF49426C9589EA636DD6B6D620644D9B9017B9C8EB97BD79238101C2C4DAED1D91BDD9B8D4F251954FB999C4DD9E928CC72A731CAA491385C69C4E8D26F66E56BF7FB522580B9C246B06803ACDBE86E333A819A6553EE9CC62EECF49052F4848E527EB18E6E82C2F916E576DC5AC7D7E4B58E99A758DB723E4B6DC8FB55A26EA4D3553AE11E85E9E4651504B5BFA36B78903740F56A978AC1D7206F647E0E76D38F0B828A8640EB9476826DDB66B564990CB3F0CB2D12CC9B2F5DF4E00FF00240669F12B0D52E314EF4119313E1C0DB51913F62DDB557B906FEAE480DB714B715B7E54EF415D516F59E5E5C7B9636A4DB43AE596B7D0EA80FB715EF557EDFC97ABDFE6D1EC53CA3731D107F582F7682DB1C8B9C1A3DE8757E1CC95EC71738102D60D1A389075D7E08F354CE53A748AF29AA38259E2EA6E70E000209CC836DD1700170767C7451AC7636B252D669617C80CCDC9D3D4AD13702697107C20B7561E1CBBC15D23D62E689CE4574A2F35F11D5319AB7D5FA57A1CE5B567FA6D57F989BEB1C87D2D418DE1EDB5C697D39221B55FFDDAAFF3137D6390A5E8F0A2F874F085626626F0203189778BF2B90387C905A0F8E6528FC7A537F839F71F0E685AC539BA7D9D63F138B1A32A451D8F4A6E0EEE60F0275BDF8F7FB96ADC6A40C0C1BA0016045C1D376F7BEA86AC4CDD3EC9FE27177A44E2C72568B0DDF23C80E79E816EEDA194FC9F502385B9A12B13374FB27F8AC688B654888C55D622CDCF7EF97CBF84BC6E232800091C00D05D0F5B6F2B4536D4E55625556D49E8C4A519758EF359E9AFB83BC6E343C4734CAEB3792CA0A0C4E4F96EF34AB711934DF75BC5080F5B75880CC388BDA2C1C40EE2BD6622E68B07117E450512AF4CC96065D893CE45C48EF29EE1F899EB19D63DC197ED664580078F8A8C8996E27EF498998B098C551144C900A86BB78B2C00208B3C127326F97B9695388C65C1DD7904D81B860C86F11C32CCF0E6A27E90909E4B95CA3075CCCFE5C017AC99818432404EEE59DF32EDE36B0D6E5D914345413A924A6ABDBAEB14D82F2CB70BA6972F5D7505D797F897FB5FE5FA5D282D2FC23E27DEB458B16546A818B162C523162C5883162C588302C2BD58A6062C58B1212F578B162843162C588302C58B1062F17AB148D56158B140C08CAC58BE3FC67A79F64C3FFFD9),
 ('Punam',0xFFD8FFE000104A46494600010100000100010000FFDB00840009060712121215131313161515171516161717171617171815151515171717151518181D2820181A251D151521312125292B2E2E2E171F3338332D37282D2E2B010A0A0A0E0D0E1A10101B2D251F252D2D2D2D2D2D2D2D2D2D2D2D2D2D2D2D2D2D2D2D2D2D2D2D2D2D2D2D2D2D2D2D2D2D2D2D2D2D2D2D2D2D2D2D2D372D2D2D2DFFC000110800E100E103012200021101031101FFC4001C0000010501010100000000000000000000050001020406030708FFC40041100001030204030407060405040300000001000211032104051231064151617191F0132281A1B1C1D13242549293F1165253E107141523723462A2B2244344FFC4001801000301010000000000000000000000000001020304FFC4002111010100030002030101010100000000000001021121123103415161321322FFDA000C03010002110311003F00F510A4145385494D328A74036A4C9CA6403A60924106902A657309C940D1E54094C5246C18252A3294A0244A40A64A4201C94CA3A93CA024A414129404D2294A44A01C264944A018A8129C94C500814F2A213A64492529203B24542529404C1494494E0A01D284A531280442498948246794C4A52AB63B1ADA6D2E710004AEA1CEBB172A39866F4A889A8E8E9CC9EE03758FCDF8B8D43A68D845DC7908ECE6B0F9B66BA8C0971FE67193D8B3F2DFA69E1FADBE6BFE23682452A05D7DDCE8B7FC4095C70DFE24C81AA8C1EC7F8D885E6352B9EFF975507D627EAAF5469EBA3FC44A407AD4DD731EA907DA6610FCEBFC4531A683749FE7741B116D204DFBE579A7A7EDF628BAB99478D1A8DF61BFC40AC3ED69B73BC99EA09B1EE5ACCAF8A9AF89DBBFE2BC48D6124DC2BB86CC4B4F675D8F8A571B3D0BAAFA16862DAE120EEBBB5CBC5F2EE247B0001E637DD6B72DE32D4208BF7D92F3D7B4FF00CEFD37D2942039667CCAB6D8F44569E2812AE652A6CB3DAD28CA40A8B8A64672629129904749453A60E92492634E8534A529A548492512520501294A5312989404894D2A2556C762DB4DA5CE300094ADD2A4DA399E60DA4D2E37EC1CD79DE699BD6C43C35C74367A72F6A21C479B9F445F1B9B760587C4E31CEB011D4DC9BDA04AC25B9D6F30F19FD70CCF110E3E8DC60122C509824F7FBD1AA1827543EA8247527E08C60B875CE37100DE792DB731477264E8E0C9EBD27E5E0AE0CA5C40B1F92F41C1F0CB1A4132EB6D60119A595D302340537E4DAA62F27A79213B29D5E1F7B79185EA6CCB18D366A7A9840770A6FC976AF08F1BAF961BDBF7557FCB3A7B879F6AF57C7E46C7F28EE595C7F0F38190539F297856558ED23DBEEF255DC163E0FC54733C2BC1FB311DEA83089E9F25564A99C6EF86F3187C93E765B3666EC05B26E480073B98F05E6395B8E9D96E323C507B21D048B03D6D62B096CBC5E5259D6E28E206995D1B5244A1B83AA088F30AED2365D32B95DA52514E0A612099324983A49924743A129824134A4674814C0A79411D34A44A83DC8373C4D7D20ACA66189755F54EDAA3B245FC2C9F8AF1CF82C66E445964B09887304171D5789BDCDA5737C995B78EAF8B0926E9F89261AD07D43A84F520FD0A1381CBCBAA06032373D83603E2AFF10D4D4CA6C1F748F122FF00547786300D6B0102E6E7E4961758AB392D13CAF2B6B5A2DFB744629D003925418ACB1AAF4CF666302E81AA6D6A986A7A2B5C1F489165CDD455CD2A2E6A3C47928BA921D8DC208469E153C4ECA6E2BC6B119B65E0CD963339CBB4190BD2F1CC597CDE882D212C32D715F263F7013098CF500023912B4794E28B04EE276F9840B24A4D3E91AE371047714530ECF4661C475047395398C635ECCD34B4380F92D06538C151A0858265777AC0DC10D8F7FBD19E14AE43F4F223DE15FC79573FCB84978DA4A70573054A574324D295194930784924C82D3A4A629249289394C1394045CEB21D5F12ADE29D62B13C578B7B6349F563976ACF3CB4BC31F2A8D7C687BDC6D1B7D167B150D76AE44D8A1D571CF6D81ED3DB79F97BD4F179807363F2F64F2F72E7F0BB766E6B4E956B0A8F0D1B37FF002711727E0B6F94361A0772C0E4BEB3B6DCFCFF00B2F42CAE9C342D6CD7196F7BA2F495AA6157A215BA613911536A984C029E955A220A25ABA42621325678552BB51170552BBC6D214D8A940B174C42CB6714C85ACC756689BACE66A5AE1658DF6DFDE2C7EBD15874DBA4F308ABAA8AB541161B0FEE82E7AC833DC7C113CAE1B4F5BB73F6479ED559CFB6786FD0C0A92357222DDDC91AE1877AE06C4DD006D4168DA04FD518C8ABB5AF83CF6EC3D12C13F2CDB78D535C28BA402BB05D51CC74E99384C43A4924809A609149233C26714CE36432BBC92449B76A54239B6303587CDCAC166D9A1D5E8F7681EC2511E21CE0B2A7A3636F1B9EDB5878DD66EAE2249F57973EAB9F3BBAEBF8E78C513F6008E664F33249FA2E3EAEA8F3E6E9EBE31A371E7B154AEE1A439A6607F7F3DCAA45517E1C6CBC46DA8AF42C1BBC179DF0B1970EB2656F30F534983DE9E5FEB48C7B28CFF996B4492A962B885AD30D127A9B0F65BDEA34A8B5C64DE7BFEAAF52C05103EC37DA24F894FA3527B51A7C4F061CCF6B4CCF8A3180CDE9D5FB26FBC1DD54A983A33F65BEE52A784A6D321A07726566367A1A0E50AAF85CE93A42E38DAC1ADBA7B67203E739855FB34C779F801DE807F91C454997113B9920AD287EA13C930ACC1CD4D6F3935A661DC35585C55BFB4CA118CC156A624B898EA07C96BF1F9A342158DC407B4C6C546E2A636CEB0F9D4BA9823ADD2C23DCE68E8D0001B5C2B39AD1FF0069DD86572C030E96100C11D374EDE33C60C6108035F2234C743E48561AFD2EB72F3640F098BBE9BE90EF7F544DC7D6246D659C9D3CFB8BD2B28C487D36BA67AF7A20D2B2DC1D5E5AE6F423E1FD96A02EAC7D392A60A79500549524F2928C2748DD253A8A45C83279B2195DE0127B177C46280B2079AE23482E3FCA401DA546574BC71DDD323C4647F992F06C401ED1608762469E5E7AAA79AD5739C7BCAA986C6127493DD26C0F72C663B757A5A345B57981037EA7C95C72DC85F5859E1A63BE4EF65C2BB8B674991BC8DBB616AB83CEAC33F939AF81EDD31F14FB271524B7AA1C2D837B2B163C416C4FB56D312C22EB8D36B7D307443B480EED236F8FBD187D105A8EDE9731ACDE3F3514C5DD1F154F159EE2591EA0635C01F5A4BB493F6A06DEF46F1191532E0E224EF2BB3F2CD51225ADD8731D518FF4F2EFA52C9457AB48D52F0083B3844889DE77F623D97D435187B170A7868101A00936E5BF457EE1B1D89A6DE693CBAA9883C90CE21C4196B6772AEE06D287E794B5916B8F82595BA18633CD1C7BF4B58CBCBB731200EA63BD66B8A70F51847A2739E0B6E674C1B8E96E565ACC0BBD23035DB8D8F50956C0BB61B227EAAEBD30E32F71A05FE91C1F3604C87081720DC09E6A39557791A1CDE7BCD96A2B655136995D3079635A248095B6FD1C931EED9ACCB0534DCD8DC155B0EFF498673C5BD0B040EAF1CCFB823F9B3400566728AE052C5533B48F7D401289FB0BC2D43AA7620F88475D503AF6877B9C04AA1569B753B4ED1BAEB4DA04366E2493DA95F7B2FA1EE18C77A3AA072758AF4163A579665D5007871E476EB2BD37047D4179B05D18571E6B2A40A8029D688493A8CA480E84AA98AA8760ACB950C4823D626C3E1CD455C4850689256038CB36D4ED20C35A79732AF7137113C1F474EC0182EEA7B163732A85F7DCF4595BBBA6F861AEDF6E631A5A369D8DE3C10AC4105C4816B5BB51CA9826B5906EE8127FEEE88356706C917E9F54637778D6FA4B115F53437A0F7CAD27046225CEA46C1DA5C3BDAE008F03EE59565004078773870F9A2D94E30D3A8C2391F89B955AE68A57A0660032BB0756FCD18A156CB319C9734D27B8EE2DEE3F34732AAB20289ECF3F42CD64EE2EBB318B9D32ACB15E996D114D73C4B602B8D087675534B3BCC22FA18F6AAE0C9327AA1D8DC469A8356C518C035B084F12D06C48375165D37C2CF2D09E1280890ADC7554386713E9295F76983F245CB55E338C72E5EA8B98ABD774057AA21598550025A3C7B59CCE6AD96470AEF56A1903554B4F3833F24733CC4C02501CC0FA36D168327D1EB7C7571B03EC25448AB7A931FF001BF645D5DA8D12679F34128B8CDCF675FDCAEF0F71DE23AF4F9EC96BA3D0AD2A64BA3CD96EB8531C4B4D37192C88ED69583A0E70BA3BC3150FA707A883DCB4C2F587C91E86D2A72B8B1CBA02B760924A292026F742CCF15E38D3A25C0F3023BCEE7B1686B3256438D6A8653D26209DB9ACB3F4D7E3FF004C6BAAEB1A9DC8EE87547FAC4F420FB375D6A540058C03D556A7506A9E5F21D5449A749B34C5B893DBF34389DDAEE96FA7BFDCAE625BE949733EEDFC39AA3E974DDD771327B3BD563FC19254F10D653734EFCBEAA786AFCC133EC5C6BE189BC2AB49866CB492589B5E975F3215F0D44DA5A4077847D3C515E1CC4FDD3EC5E6385AAE610751E53DAB71966220B5C3C859E53C6ECE5DF1E8348AB34CA1B83ADA8057D8E432AB21CA866F40D4640E4655AD6A0F7D914F1B65DB3581C1D7A65D0E2E1360EE53C970C465B56A3C3AA93A46CD6F33CA4AD55284D5E214E9AFFD7BE94321C21A41D3F78CC74E41182E43D95176F4B09E3CE33CFB767AE566F39A9C91EAF56CB279EE2225192B0E3259FE2A018EE0B8488D7F6C9BDF698007B07C90FCDEA973C346F72BA51AE5ACE96F9EE8B062E752A38B80689B98206EAFE103853322FDBB843DAC73E0EE41EEEDF92BD82AE60B771127CF25162FF8BB85A862EB4DC2AF6CDF73B7C963E8569F3D3757E9E27434398482AB1BA639C7AA61EA4AB2D590E1DCF8B9CDA6E1BECEEDDEEB5AD2B7DEDCD669D125194E980DCDB3073086B34EA37971B017BC73D8AF35CE61D51C0B81249263692518E23CCDB59E741B784813EEB92B278A1064095CF6EEBB30C7515714CBF704A8B46831BFD52738E971F67B7C8559B540B0F27C94FDC5BBB496B5CE36F57481DF61DEA9E21A0B05EF3D7947B9362B11AAEEF05134091236558CFD4DBF86A755D71BC8B7727D5B08BC7C6F6E9FDD3303C031B0D8C0F09E9D8B8079F12AF5B8977020DD69B22C54B60EE2DDEB2F4EA5FAFB36289E5B50876FCB60959B9A1E9EA592579011FA6EB2C5F0F626405ACC33ACA20CFF0053A95F4CC98086E2F3CA4DFBDA8F41757F114C1DC4854EBE5B4CFDD03B92BB561E3F61A7885E2FA2DD20FC573A9C4351DB360777D5117609AD0406EA5C4E1A4469D3BFBD47FE9D32FC5F81E73F3BB811DA3657A8E646A36D3F05138268E52BBD1A72768011BA8CBC7E96AA388A77E8B199E57B12B519ABED0B03C578AD2D8E66CABDD637D33AC7B9CF2E1DC15DA6F02A06B9DB44ED131F640F72E38661018D3CB511DC6FF1F8A77520497925A6FDB7113FBA595DD18F1DEB5625FEA981B6D1EEF6A8D1C506BDED10794EFB0FAAA24817D57DBC94F41C038731CCC75DFDA8D2B6BCD7DE41F2512C238360BAE3A4F442EB308744EA0762ADE1A9C826F131E1BA68B1E89C398BA2E0002D07A5A7D8B4ED2BCE387F0CC351B276B8F6735E8141DB2DB1EB9728B3A925149521E3789C44696B6D36F055AA57104F49F215BCDB0CED1A9C003B816F614218F330E168BF62C34EE883ABBB6689BDFAA8E203886FA807703EF2BB56AA0821BEC03B150C4E21C2C5C481CA79F444EAB7A42A920191731EE52A52E204DA2E7E2157F49689EC5D693EC44403E4ABFAD23DD5AAD5839B02C00B2E4EA31B9F677ECA14A8907AF7F2507366E7B5139E85A9B1B24C6C3DFB2BD9501E95979931E20AA54CC031CF9F78FD95BC059EC3FF0070F92AD7B45C9B2C24D178FE576C7A1E8B5F97E2A420D87C30A8C83CC792AB87BE89D2EDB93BAFD0AC656B719A6C83A549AC4172CCC838C128DB1CABDB2B34EA280E898D01D14FD2287A694F45BAAF5A98E8A9626A06ECBB6371002CAE739A898054D698FF0056333C688375E6F9A628D7AF036161DA559E20CECB86861DEC4FC821997B0B483F78FC797C5549A9695CB7645BAB49F1AE622C04DC01C973A989240D436B7699F8AE67D51723519805DB0E660EFCD2A941CE2204C3447B44FD566B737B353C088E7DC159C3B8364802C762249ED9E4AB5574189BC5FC14E8B89101B317FDD3FA1041CE163B9EFB0EE57701CA796EAAD1A32D00882D6CEFD662DD54E95888B03EE4B1BB4E7C6972AC307B858EFD62CB7D851000E82165B85E9EA6827A01DD1D56A98765BE338E5CEACA64DA9254878CE22B920EDBDEF3CBB15075301B079F898E43C55BC7D60D3A45F60A9D678B1E51E0472F7AC74EEDC710D05C03491D847CC1BAA151B2E3DF13DCAD1AB0645893CB72B83A46FBAA90AE493A95842E987A521D2797C05D720FE63F6500493DEAB49DF561B49CD079DCDBAC6F2AB3099F3E615DAAD81249B5EEAA52B13DA8C674676EB6E8D3D55EA14FD667FC9BF154DAD57690BB7FE4DFFD82D2CD463BEBD3B25361DC8BD5C2B5ED822504C9C2D2515CD8BA33ACE633272D3A9854A866951821ED3DE168DF4E5557E187455A4CCA7D878CFD83AAE35B88DB1CD5AAF826FF0028F0546AE5CCFE51E08BB56A506CC73A73E74827BAE8354CBAA3EF50E91BC0FB47BCF25AA76140FA21999BEC7AA9DED5630B9AE1C070D2205FDB1FB2861AA41048DB97C51CC560B50F620A6990E822E0AD71BB9A639732DAE51A9D43761B8929B115C000691ECFBBCA3DFEC4AAC35D6823ADAD2172C5B00122E227B495858D76A38BA22604F69DEE7B53E0EB3B69DBC7C53D4AA634DC5E4C8DFB154A7733E65698E3E5348CB2D5DC18C3D6F58922C6642B74EF1C905A1520D95FC2E306CEB7EC95C35765E72F1BBE1DC4E9817B995B3C3550ED960B869E5C40041008BCF25BAC1B207BD698FA6192F694EB9CA4A90F10CCB14C79F55A41EBA8C9EDB590D7B67CF453D52A2E5B4C24F4773AE6C1DBE4A9B226FE7B922A029F9DD4DC2AA6652A2E6ED0BABB65044C67D8B9D4B4B8EE4A9329A76DD4804A627E54E197565CE813D17361E6BA38593B0A5EBD332F6C41DC183E2B4387D907C8D9AA852773D0DF8045A815CB269D19DDC5A054494E13382A438D48E8AAD67595BA8C955DD410AC6C06C5A018A66A742D266360421D470BCCAC6DD37F61630DBA0B9C607EF0DE56C861A021B98E14104272F5371E316E686B848DFA1E5B28E21E0106262F1D07ECA388A5A5CE6F4DBCF8A896CF35B4C37D6373D5D2AE29DA80E5CAFC8740ABD31C82B58BA317F3EC54E91F8F8AD31C34CEE5B77D09DB53AA6D4A402B8CAED670D54B4CB5C41EA0DD6AF21E35A94C86D6FF00719D76701D7B562985776B81EC4B46F5DFE31C27F50FE53F449791C3BA9F72753A0E6C29DA51A1C17997E06BFE42A4382F32FC157FD33E0B6F29FA5A03052723BFC19997E0B11FA6530E0DCCAFFF00C2AFFA651E50A4A04E75E1338C8479BC17997E0ABFE994FF00C1798FE0ABFE4297943D00D372EC0A2CCE0CCC81FF00A2AFFA65751C1D98FE0B11FA652F29FAA05695639224CE0DCC7F055FF4CAB3FC239847FD1D7FD3295B0DBAE0EAA0E16976363C0908DE9081F0764D8B6500DA987AAC209B1691CFFBAD3D2CB6A8FF00EA7FE52B9DAE4AE02442BDFE9F57FA6EF029BFD3AAFF004DDF94A349DA81098B2CAF8CB6AFF4DDE0533B2EABFD37F8141EE3378CA325419480476AE535BFA4FF00CA571FF47ADFD27FE52A3C5ACF9380759A87E2A9CAD3BF24AFFD27FE52A9E2323C41DA8D4FCA54DC57338F21CD0FFBD547F2BBE40AE0D28DE33847327622AB860B11A5CE75F41D86C533783B32FC157FD32BAB1B34E5CFB425ED04213896415B01C2398FE0B11F90AE18DE09CC4DC60ABFE994ED889CACC51705D81450703E683FFC388FC8BAB782F34FC0E23F27F744CA0CA7410A698477F82F33FC0E23F2293B82B32FC0E23F214F70007A5F37491DFE0BCD3F015FF2264B7FD37D569049258992492480452492402092492012492480490492403A452493060924920192492481C249248064E924804914924024924900E1324920124924837FFFD9),
 ('sandy_123',0xFFD8FFE000104A4649460001010112C012C00000FFDB0043000503040404030504040405050506070C08070707070F0B0B090C110F1212110F111113161C1713141A1511111821181A1D1D1F1F1F13172224221E241C1E1F1EFFDB0043010505050706070E08080E1E1411141E1E1E1E1E1E1E1E1E1E1E1E1E1E1E1E1E1E1E1E1E1E1E1E1E1E1E1E1E1E1E1E1E1E1E1E1E1E1E1E1E1E1E1E1E1E1E1E1E1EFFC00011080069005003012200021101031101FFC4001F0000010501010101010100000000000000000102030405060708090A0BFFC400B5100002010303020403050504040000017D01020300041105122131410613516107227114328191A1082342B1C11552D1F02433627282090A161718191A25262728292A3435363738393A434445464748494A535455565758595A636465666768696A737475767778797A838485868788898A92939495969798999AA2A3A4A5A6A7A8A9AAB2B3B4B5B6B7B8B9BAC2C3C4C5C6C7C8C9CAD2D3D4D5D6D7D8D9DAE1E2E3E4E5E6E7E8E9EAF1F2F3F4F5F6F7F8F9FAFFC4001F0100030101010101010101010000000000000102030405060708090A0BFFC400B51100020102040403040705040400010277000102031104052131061241510761711322328108144291A1B1C109233352F0156272D10A162434E125F11718191A262728292A35363738393A434445464748494A535455565758595A636465666768696A737475767778797A82838485868788898A92939495969798999AA2A3A4A5A6A7A8A9AAB2B3B4B5B6B7B8B9BAC2C3C4C5C6C7C8C9CAD2D3D4D5D6D7D8D9DAE2E3E4E5E6E7E8E9EAF2F3F4F5F6F7F8F9FAFFDA000C03010002110311003F00F93B23152432E0F6AAE09C806ADD8DAC97336C8C6481927B01EF5299CD62CC1FBF60ACC547AFA56845A74712969EED2318E33D7F2A5304D6CFE5D99DCE4619D475FA1F4AAD2D9DD03E64BB98F7626B6D0BB682DD0B7076A4C5D7D76E2AB3AC418ED7CAE3AFAD44CECC769623DA924E1BAE314392666D96D34E32AE613BDB1F771CD51B881E372AE85587A8E6A6B69DE29432B1041E0E7A574F63F63D5E336FA83EC9187C9205C927B0F5A9B26095CE29861B07F952AEE35B1AF68B369B28072F13E763E3838EBF8FB5639CA9C66B369A60EE242BB980039FA57A47877445B0D26292658835DFCA5D8818231C03F8F3FF00D6AE37C30910D49279B022814CCD919FBA3207E2702ADDD6AF35D5C6E9643E4467F771E78009FE66AA164B52E2F53D1EE6CF4989506C69A044CF99029DAC738E09FBDFCBDEB85F1047364B79322248C4461CE4E3FCE2BAAD23C776CAE90CD64B302A88B23AEE2800EC381C9FC80A9B5913EBB771EA1369C52CE28C0221E0919E0F4C0FF3D6A9C91B2BCD591E60C8C991DFA547B0819EB8AEEB50F0CDC8569134F9204C6E0AC0B3053D0B1FFEB562368B70B200632BBAA598BA6D183B091D2B474C2E25119E33D0F706ADFF00644D1904A1EB83C76AB52E96D6E119976B3118A0518B5A9B96937F6DE9171A5DDAFF00A42A6F523F8801C1FA8FE59F4AF3EBDB678A59237521D1B15E8A2CA4B48AC35584E242C5644F519C0FCF26B98F15DA1DA2E76FCCB234321FA74FEBF90A7BAB17523D4CBD32E2386C2E9003E64B108C7FDF609FD055400EEFC68B5031B4F735A31D8C83CBF3119048A19091F78648C8FC8D64E6888C6E1A6CA6DE4122A8665C1E46457B0E8BE399EF747B5B36D3EDE35B7044B3AA82F21C12327AF18CF1D4F7AD7F04FC1386FF00C336FA85EDE1492E901508BFEAF9FD78AF48F0DFECF5A4477CA5B5EC5B187054604858820FB01C8FCAB916322DF2C4ED861D455E6CE1ADBC4BE1082236D39BBD46E890B7130C226D1D9571CE07735319FE1D4D19B95371BA1059A297818209C7E18FCCD771A4FECD4B06B72492EBD04D64C640BB41F33047C84F6EBD7E95A3A97ECD1677177A84F17881A24B8C1893C9E1327273CF3C74AEAF6D26F612A50B7C6790C53F81F56B898C6BF638576A22C9CB315CE0E07A827F102B3FC7B75E15B9D3F4C8349440B14FB5A7C1121CE4F4F41915EB769FB38D869BAA49733F8951ADA3911E2511FCEC072DBB2703F5AF2FF8B5F0E2D745B8927D1B51FB646AEA4227254639248E3AD47D6D29A8B4354535752B90C9A2DB36A83C3CCC92C8BB9A3954E42E515957F30DF9D79E7C42B6FB1C42D0CF148D249E636C39DAC32A69F0EBB776178F3C72C82778C296079E148FF0FCAB9DB98EEEFE50406931D58D75C1A9688E5A9731ADD72462BDA3C0DF0AE5F13FC30B8F186977DBEE74C9DA3BCB371FC006E0CA7E87A7B1AF1585F6B0AF7FFD953E20E9DE1DD5EEFC3BAD5C0834ED5CA2B4CCF854619186F40C1B19FA5714EE95D1B5156D4FA07E155AC3A9F846DEC9C8F962543DBA0AEA74CD1A6FB7B59388AD2D117E5748B73CADE993F747E15C57C38BDB6B2F176ABA3DADC472DBC572FE532302369391D38E8457B4E9C859371503D0D79B423FBCB9DD55D933CC7C2761E2BB3B8BABCD6A2F2156E02409BB923B9E3E5C7A62BD07549675B0822594932E0123DEA4F102A4712CD348300FCA3D4D55BA5FF46B595F215B8C9ED5AD4938CE492124A693384F881A36B16BE21D220F0F6EFB3C9BCDE4F22ACBB4F6183C8AE6BE30687F61F00EA3A94A225BD11A67C94C0C861CFF003AF798ED55506402715E5FF19B5AD3741B4373AA790610AEE914BD259154945C77CB62AEAC24E7176B19C66AD647C38F68E6F1A49BE551EB4B26A16B6D952D923B2D43E20BE9EF6FE6B9B89773CAE5DF1D324E4F1588F2A8C8C64D7B14A365A9C35773250FA1FAD5DB572AD904D5345F9BBD598F1DAB9C509B47B97ECD5E215B0F137D8A693689B0C993DC76FD6BEDFF000FDEA4B669923A57E64681A84DA6DFC17703B2491386522BED8F829F11ADB5FD0E090B83346A16643D55AB86B274A7ED11DF16AA42C7AE6AF7FA534CB0DC4EA2443C738C67AD569EE2D1214F3F5057887DC50E334E78AC3558E30238F70E41C536E744C29695A0283A858F06A5DE779170E44926CD5B3D4ADAEAD3CEB76DCA38E95F30FED7DADD8C9A8E99A5CD29DF1AB4ECA0F4CF033F91AF79D57578ED6DCC36AA06063E5AF843E346B9A86B5E38D46EAF37ABF9CD1856FE1553803F4AE8C3CDD49ABF4309DA0AE671974C2303C9E7AE6AA4969A74CE4ED4FF00809AC02AD9FC69855C312A4F15E9A9A47149DC81A058DF024570476AB3691C0C3E6621F23031C11573C35A0DE6B7AADB69D6919324F22A038242E4E3271DABD117E1ADAE8FADFD9B51BB7B811ED276AEC073DBA935785CBEAE27481854C44296E71D69A05FDECC574EB0BAB8DB82DB21276E7B9C74AFA4FE0C781AE345D1226D4434574EDE6078CE1A227F84FA8E87F1AE3F44D4CF872E8C1A4C23C820175CE096C75CFF008D7A6687E3ED2C189350496D8BA8058FCCBC7738FF000ADB1F905754FF0076EFDCBC366514F55B9E8DA3DA6A9191F65BD864FF00786D3F956C4906B8D19FB55DC4A87AE0E735C9E99E28B2B9BBFB2594A8F3A9E883276FAE29DAA4EF16AB14F79A85C65F0B146495519E08C0FE75E653C93117E59B4AFE675CF30A7BA57F91B73DB5AAAE0C819BFBC6BCCFE287C24D13C623ED566F15A6A68A54CA07CB2742377A9F7AEBAD35F1716B2990DB9F2A5688F9ADB4E558A91F5E3F5AA7A9EBFA65842BE75E42AF265B6A7CCC076C014E964D8955128FDE67531D49C753E64D43E0BF8BAD759FECD16B0B8C13F68120F280F527A8FA6335C4EADA26A1A06AB35AEA364C248B2A47553EE0F715F4EEB3E2C9EEF75B69E0C284FCD2B7DF3F4F4FAF5AE4EFD62697CA4C307EB9E4E7BD7D2432252A7693D4F2658F92968B43D5BE127C31D3BC2FE0D0DE423DE488AF3CA472C78E33D8571BF12F4976F15B5A59C2779854961CA8DDDC9F603F5AF7FB6FF91625FF00AE5FD2BC93C4FF00F21FB9FF00AE31FF005ACB8724ECDBEA5669A4D338BD1B4BD261D696C25DB20037396600C840E4672315A9ADE9BE1CB3B604C504971B0C68A921DDC0C64AFAE4727EBEA2B8C9BFE42EFF00EF37F2AB107FC87A5FABFF003AFA2C461DD57AC9A5E471519B82B9DCFC38D925DB5DB4BE45DC5088E47E995072A7F2E3F015E8DE248ED2EDB4E77413C454B92AD823A735E63E0CFF0090A4DFF5C8D77F79FEAACFFEB9B7F215E4E228AF6C9DF67F9A3A6351F23F3473777A6A5DFF006CC2C18C6D77248A37600CF19AC3D1ED74FBAF115C43A82A796710C258E0285C2FE1C7F2AEAE7FBB75FF005DBFF6615C35C7FC7CB7FBE6B7A543DA43D9DDAB2E9FD7919CAB38B72F33A0F10785F46B3B4B896D5D848177AE1F8E3B738EB906B8DB2B6135D2E003B7D056DEABFF0020F1FEF49FFB2563685FF1FCDF435DD439A3169BB9CD2F79DCFFD9),
 ('shailey_123',0xFFD8FFE000104A46494600010100000100010000FFDB0084000906071212121512121216161517181718181818171818171A17181B1918181A1718181D28201A1A251E171821312125292B2E2E2E171F3338332D37282D2E2B010A0A0A0E0D0E1B10101A2D251F1F2D2D2D2D2D2D2B2D2B2D2D2D2D2D2D2D2D2D2D2D2D2D2D2D2D2D2D2D2D2D2D2D2D2D2D2D2D2D372D2D2D37372D2B2D2D2D37FFC0001108010100C403012200021101031101FFC4001C0000020203010100000000000000000000000604050103070208FFC40047100001030204030504060706040700000001000211032104051231064151132232617107428191233352A1B1C11443627282B2F015345373D1E18393D2F12544546392B3C2FFC400190100030101010000000000000000000000000102030405FFC4002411000202020201050101010000000000000001021103211231410413223251427114FFDA000C03010002110311003F00EBA387709FFA7A7D2E27E53B2F5FD8586DBB16C74BC7CA5592100567F6061B6EC5B1D2F1F29847F6061A23B2007405C07C81856684015A322C38B0A4003B805C07C815919250020538F47387E0558A10056B723A036611E61EF07E61CBD3326A23669F5D6F9F9EA53D6500570C9A8F47FF00CDA9FF0052F2322A3FFBBFF3AB7FD6AC904A00AD192D2E4EAA3FE3568FE758FEC3A5F6AB7C2BD68F96B559C57C574F037A95680F0914DCE22AB9B30E2C1E5E9C92763BDB1D31518CC2E1DD57558979ECC6A9F74DE40132E3012B45533A33326A60C87561FF001EAFE1A90328A7F6EB4FF9D57F272E247DB2634D42E70631ADD5A594E9870A8F9B0AAFA8E96D389EF32F307C959673ED90BC5363290635C586A90F7178613DEA6D25A21F02E76BD8A2D0A8ECB86C368F7DEEFDE76AFC6EA4248E0FF68385C59752A74AA51ECE275E82C0D3E125ED711788F2313BA6EC163A9D66EAA551AF6CC4B5C1C2472909889285E58E9E50BD200C02B2B10B2800421080042F2F26D0BD20010842001084200108420010842001085CFF00DB06795F0D833D81D21CF653A8F921E1AF9B532362620BB7136BA4D80C1C43C6581C10FA7C4343BEC37BF53FF8364AE3BC57ED15F8DACE144D4A749AC706B7BBAEFE2706C90E79B434EC2EB98D7C61920406924C0B89F5373E666EB50F316B7979A9632D5FC455C39CE2FD674B99F483B47069B789F26C260F255FAAE2F6FDE3B1FC1687519DB7DCFF00BAF7D8922072EA227E3F9254876CF156B931276DA39FAF29E4A561DAF7C30CC11AA645A073FBBD14568044181F1FBE3E10B15AB58413B0F2E5055762B24619C264C98F740379DFCB7FC02E83C01ED02AE0EBFD3343A9BE055D83A1B66BDB162E02C47BCB9E61EA88EF12D001B8F111EBC96DC286CEA2CA8D041EF093F745D03B3EAACAF8BF0F8A769C2BBB5204BE081A05BC53706FF14C40AF93B86F36AB4ABB0D12456D6C6537B00121C430B5C0D8F587022DE857D3BC39983ABD1D4F003DAE731FA7C24B4EE3C8820C729854265A42CA1081021084002108400210840021084002108400210840182B887B6DE23A26A54C24768F0DA62F1A28CF7DE5A019359C0306A3E16EDB95D638AF3B6E0F0B5B10EB9631C5ADE6E747740F8C2F953158B7D5AEEA959E5EE712F71E6E71B9FC87A4296C69100E19C4CEC77BEEA461F2C7B85F54FA5ADE73E698727C9CD5EFBC6FB0E8137E132B6003C973CF35691D78FD2B6AD9CFA9E4557785259C39548B032BA333043A29B4B0C3A2CBDD66FF00F344E4ACE1EACF31105BD7A05E6BF0CD616734EFBF95F92EBEDC2099859A98607712859A40FD344E235F26AA3DC200DAD3CD45ACC7B4CB838DC89B81F085DAB179735DC825ECDB8701690DF3E422FEAAA3EA1DECCE5E97F043A35DA403A06A1BEF71D095D7BD8E71CB4EBC3572ED4F7EB155C6649D2C6B1FD0801A075B2E418FC3BE9770883313D47423F353B8431DD8D50F74960730BC0E74C3DA5C74CDC889F805D507671C935A67D700ACAF14AA0700E06410083E46E17B56402161650008421000842100084210008421000B056505007CFF00EDBF34AAEC6763DA0752A61BA5800EEBDC0174989D511CCD9DC920E4783ED1E0F9AB3E3FA8EFD32BB1FE215EB6A3B924BC904FF0968F8293C3B84800AC26E91BE18F290D182C30002B5A2D50F08DB5D4EA324F92E27D9EAA265260852194F9AD74A9952182C9D0598D3E4B0E685EDCB43DC50D0CF1558A3BA9A9525634A54026717E482A30B9A3BEDBFAF5052261B0DDF87BB4F749699EEC1E6D85D7F31A72D2B96E7185D05C34990E9178024F7AD3B195BE196E8E2F5315567D03EC9B3A762B2FA7AFEB289345E66674F85DF16909CD71BF6098C697E2298912CA6F2394825B3EB103E0BB185DA7033284210204210800421080042108004210800582B282803E56F690CD39A6301FF1C9F83835C3F157F9161BB80AABF6B4DFFC5F1763E3A56DA7E869DC7CB7F557F979D38761FD9165CF9BA3AFD313D8ED82B5C3068B970092AAD4C4386A6B4EFB73F805A0E1B1AF32E63837CE047DF2B048EB73A3A5D3C530C8916DD4C6520459734CB7075587BC4DC41BA7AC92B16D3D324C6D28D149963FA3AC762166B563A4FE29573465527507B8381E4771D08E88D0DC8637B1A4C03750AA374A52C757C5832C6931CC44FC012B650C6E2081AD8EE7B8B7C0A7C5511CDD8C3896EA165CEF8BB0DA6AB64001C62794EF74E385C63A407DA7C8EFEA2CA9BDA261816B1DB7785F9A51552232EE25EFB13118FC4EDF50DD8DA43C4C7CC2ED6B85FB1BA91997201F86A8207563E9193E77FC17745DE79AC108420408421000842100084210008421000B056561C80389FB77C940AD4716C025CD2CAB1BF77EADDF22E6FC944C353FA2A6D24D9A3F05A3DA7567D7A8EA8E025950305C91A1E74DBE22614E65801E402E49CB923BF0E3717B20E33366D286CDF958927F740B92B0338A8CA9D99C3D52EB583413DE922D33369535B9577FB4121DD46E16CC5E42DACF6D4ACED4E6EC40D331F6A0DFA7C4ACE35E4E9927E0DAF2D7B5A48730B9A1CD0F1A496B8483D2E0A8F91E6043CB0EC0ADF9E5673DA185CE74583640688B0B0160028994E0E1D2527DE8B8A75B1CAA62068F82A1C557805C760AC9EC96C055EFA3EA08E690D2451E2B387B1ED0293DC5DE186F8A486822771240F8AF74F3810C739AFA72489730B5BA9AED246ADA67AAB2CC327189D02BB8B830F74902473F10BAD9532B0698A24934808ECE006C0EBF6BE2AF5467BB245101ED13754BC71879C34F4734AB9C2D16D201AD6800721B287C50CD785A83A367E4947B2724741EC2B0C0E231153EC536D3B993DF76A36D808605D9C2E3DC20DFD1A8D07B23510D738F9389E639DE175EA0FD4D07A895DB19291E7E5C4E14FF004D88421518821084002108400210840021084002C3B6595AEBBA1AE3D01293E868E17C662499FF0019849F2D6A76169EA72A8E21C46A6D5D40CBDBA996F798ED447AD95CE52F9635DD403F35C0BA3D76A9964C002F2F24EC86992A6B2824594B88A31F1E6B186249B5805E73A777F4853B2BA5113CD1156592EE07C17AA4C9BFCD4EAD87669041BA8949BA5FE4AA8907538D90D692AC9F4C1518B1202156A1D556E6B4C0A3527EC957AF1212F7163FE8430100D473583E26F09A32992B2EA3AB094C4C3BB367E01751CBDB14D83F642E5781ABDA6A7B1A5B4C0D14E478A044FA2EAB803F46C9FB23F05D38BC9CFEAF51489084216C7002C12B28401842CA100084210008421000BCD46C820F3B2F48286071FE23CB8D3754A45B6EF016B41D884BFC2F88FA20D9BB096FC8AEDD9B64D4B1006B0646C45885C3731C17E858EC461C125AD70227721C0386DFBCB8E58B89DF0CEA4D21B70A54BAD8B6B1B7215360F1634CA53E27CD1EF24030D1FD7CD6695BA3A5CA959759D671447783BBC1536173973AB8AC6AB8016D33DD8E9A76855795E5152AF78C01D5D68FF556384E139041AE01F21216B18A44F29C9690C58CCFA9D4EE17922D6074FDE2EAC32DCDD86017D86D252BE0F839C0973B10D1E4D04FCE57BAF9039AD86D4D47E47E49C9204E75B4746C3E35AED8CAD950AE4F81CC6B53A8049B188D8FDEBA1E5D8F15181C0CF51B107CC1D9672438CAC9752A257C7E2055C650A712187591E604FDD6F9AB4C762EE003D5638032866231759EE98A6C0011D5E7FD1A5542364649A8ED97F80A06AB9AC8B7DC0279A6D800745A3078165210D1F1E6A4AE98438A3873E5E6F4650842B31042108004210800421080042108004210803CCDF65C73DB160BB3C652AC05AAD382796AA67AF587FDCBB2A57F687909C660DED60FA5A7F494FCDCDB96FF001096FC54C95A2A2E99C7B2CC41873679ACE1701DA3F60409241E6A9686303493B13CBA7223E76F82B4E1FC5383E4DE790FBBE4B95C699E829722CA9E5F0EDE07426CADF0D97521721B3D547CCB0E6A01A7BBD76554ECB1C24C97FA1B298B3A149A1AD983A67A7CFF0025A2B6561D611BAA2A392B4BB4439A5CD306FBEE2084CB96E5C6931B2ED46058F5F529B1398BB9E64459F4AC124417493279489E8AD32F7C531C9C44F911CBD1633CCDC3416B7CC11BFC1543B1C34B40F442BA336F64CAB5665C7E1E529EBD96E0B4D0A958FEB6A18FDD67747DF2B9997BAA39B46991AAA383073BB8C4AEF196E0DB46932933C2C6868F82DF14756727A897824ACA10B6394108420010B002CA001084200108420010842001084200168C462E9B3C6F6B79F79C07E2B46738DEC68BEAC4E969204C5F95D7CC1C5D5EA3B10F7620B9EE22417B89B1B8813DD1E4A1CA9D1718DECB5F69541B4F1B59D488EC9EF2E6E9F0CB802634D882492AAB2FCE0086EDD4ABBC3619B570B481023B268F4B0D92B665933E94B99DE1CD62A49FC59D2F1CA1B88F394E3B5087199E5E49A30C18D89B6CB936539DE880E21A44EFD3D55ED6E236921DA847AF28E9D527035596D1D26BD4A7A836448FE8A875710D0E7091302D3623E0B9E0E291A8BCBA099B8336DFE24C2D58FE212E8B9E920C13E47CC24E0C5EE22EB36CC877A43490605F7E5F3549531FA1A04CDCC0E664DBD4AA9ABDAD4713EECED737F5373EA9A786387439C2ABA4C787A7AF9955A8A2537365970E65F5290389A84B6A68258D11DCB48F576C5742F66FC66FC6D26B6B0FA4D20EBD838DB90B03CF7F825FC4300691D447CEC93BD9CB2B5305EC2669D4753E80E91ABFDBE28C592DB1E5C6B48FA2D6553E4D9839C7B37EF01CD7756900DFA112AE1749C2D53A04210810210840021084002108400210894002C4AD18CC632934BEA3835A3FAB017294AAF1FB353853A0F21A635388683BEC2E79297248A516FA3DFB48C51145948182F749E90D8DC731242E17ED0F2A34DF41C0922A3082E3001731D7BF5870B27BE23CDEA622A34BCC9244346C048EE8F4904ADDC459650AF83186A95A8B2BC1A945AE7687173640201BE970B40DE6792C53B7674F1E30485AC8C0EC98DE8D03E414FC4E0439B11EAA8B86F145BF46F0439B620EE0A70A37165C93D33D08AB88938DC89BA8C8FCA42D54F8619622483FD6E13D6230F28A5831B6CAE39599BC3117303C1D4C77B4EA36DE348DF71BA938BE18A7A0358C6076FAA2F26FF24CD4F0EEDB97DEA68C1CAAE6D91ED450AB93E42E07BD0445E44C9F21B009AA9500D17FEBD3A2954E9868E896F88B885B4ECDB9F29FE89F20A1C9BD1A46278E26CDD94586E0BB90DCCF2B2CF0964555984351ED734DEA003939C6F36DE37F928D9370D552FF00D2714E149CD05E5AEB9A54F7ED2AF4711E166F79559C3DED0EBE1F10E662497612A1D3A483F42DD9AF64DFF79A7A93C96D8E15FEB30CD92FA1CB0599D4A4E6383F5693041DCB018BFE0BA4E5798B2BB03D87D4730573D6E56D7383810E6BD8E83E51A811D45C415E30D4DED90CA84075A5AE2D74104CB48F89BF36AD6326B4CCB242325A3A8A12870B63F121D529D7ABDA39AE3B80348B1001804820833E6AE3FB7E936A76557E8DD3026ED337B38586FCE16A9A399C1A2E10BCB5E08906415E932010B1284019428399E6B470EDD75AA068F3DCFA017292331E3EAAE768C3D200491A9D25C401B868B0BF5E8A5CD22E38E52E8E8188AED602E79000E652767DED068D20E149BADC26090436640DB73B8E8AB3892BE25F49BADD009E76BC4EC91B1580229EA0E04BB4F8B625C5CEDFD1B0B2964FC37C785791AEA7103EAB1D56A375187C13B080458724A3842F79719F11161B5AD7F99F9264C8B00D7D12DA951A275DA64447CB92AA7B017328090D90D246E45B5446FCD652EF66D14BC1EDB861475BA3539A25ADE649690DF81706CF94AE754B1988FD2FB5AC75552F9749243A0C16EFE18300725D4F118EA6715529B44E91A6DE10E686903CC816F594A39C65B35F6024983B41789691FC4AE3A27ED22EB099637181A699D18A68218C7B9A05560208D2F8B9009B1BF5B5D6FC2BDCC3A1ED2D70305A45C1E85553311AC369B9A03806B839A23558112370F066E15ABB885AE68EDD85CD6DB5CCBC01DD3AC1FB2E8062F041594F1DF474425245B35A1C16CC3B2143A15C340749ECDDE1788730ED1245DA6FCD59D320C11B42CB8B46AA49929816D0D51FB6002ADCD73680430DFC90D8518E22CCF4374B0C936039FC968E03C898ED58DC58EF35DA68B5C63BC377C7AD87CD41CAF2F754782E9351C7BA2E7E36E4ADF36CC9B860DC2E10B7B6B6BAB1AF43763A4DC07DAD63A42DF1C2BE4CC72C9BF8C4B5A1963F13AC08A748181F69C4DF59379DF62B9A71770E3C559A4DEE34882D924CBA04C991B12BA0BB30381C1CB890E7C5B732EE51E40258C663EB576B9A74D30EA8CF0F88B7412249B030E160568D98283647F6639EBC451ACD73A8B5CED2E1369701A64F48303A129C336C8BB1A934AA1730C900D9CD3B806D71331EAA8F33C83B1C0EAA620C130DB1EFDB6F4FC541E1DE2D7BFB3A35CFD2B1C1AC75F554024F7F7EF8169E63CD3EC696C72CB0B9D5759241ECCB1D6882D2348237F0F3F250735CCDECC4446A1A80F9355DE4B5DAE63DE449EE8B7398BDF709733DA54857EF123BEDDBF6A3FD52625F6D96DC3BC4BA1E184E96114E41F08240923684E473EA02353E01E6418F9AE7B96E02839EC6B3A44827578C86CCF90098F8972BEE0D262FF9156A4D222708B636D2C531C3535E083CC1085C9F0F9754D222A902FB38FDA3E4B29FB885EC47F4F5C438FA7FA4B665D0F65CDEC209DD5361B3805ED201F034FCC93C9633F04E23BADB9790395CB627AAD592606A54ACDE408A506C2D0DEBF158C76CE949288D7C5D993DD484081ABA47BA7995CF2B3DC69C937861E7367BDB17B6C5742E29CB6A0634170B977DC0F9251FEC2FA312EF759C89FD63E37B24D5B271B545D645866BE899331AC46F78246DEBD55662AA36854D5BB9AE69B72BF747A4EE9DF853034D946E67BC7981CBC928E6367D50E3621CF123783A81DBC9392DA145ED94DC2582A952BEA0C24EB79F8DC9FC55C716E0EA020869043419E7636DF6561C3B8D6D3C4C4123591D043E4735BF8E71A6016803BA475D8CFE6A9D50B6A42F53CADCD7B5D20779C3A9F76A37F9E3E09CF3AC8E955A02B410F804B840043C06BF508FBF7B048AECC6A101C36D74CCF93E9B79FF0001F9278CB2B3EA617492367B77F5E412ED153B54C5BC830EF6B9D46A0961EECB6E39C133E906795F92B6AB94BB0D7693A0F89BBE8E8E6741D47C52C9639B5246DDDA86019EE78B97D92EF92BAC1E7556A53FD1EB90E7365AC7C16B881B0783B981008DD0E9A1B4FEC88B98E6B208060EDF15EB87F0BAC9A8F83C9A3D79FA7FBAA6CBB25AB5B12E041732D606E4FD913B0EBD131663973A9914CBA2C0B834D8732241E41AB2863A76CD6591354894E0181FA6B369B882359F1006C4B44D800099F451F85385057A86A17F6549BA7406C1AA4729904336079954F88D426377114ECD36021EFE5BCB801E89D386985947548BB9C6ED3CAC371E456EBF4C669A5D9E33CCAA8BAA68683721A5DA89718B9249FEACAA6A654D73DA41DC17C1DE5E6DB720D0D0AA6BE3AA0A93A8598F7D8C5C83FF00505332EC5D67562D0498ECDBB83B068FC8A4B6C6A2D21A73FCA6A1A0181D6058227FAE8912B70BBCB49121C0D5702D8990CB7DE5740E22CD4B29B679B89B8E401FF54B54F3B6F672E07C24D8FDB7802C7C9A50C8872AB25F01D6AF530E6A551DE2E7349D892D7169B408DA76E6ABB886A35D898708EFCFC29B41DC7A744F1C2B8AA6F63AFCDA2E3C92E67D86A6FA8F2398ABE133B822E0A6D0A32F96CA2CA9A4576807C2288EB27BA4DC79929A789731A8D6B5A1DCCF33D152E132B1FA49D27DF60983E49973FC95A69B6E441772F24BC15269C909F84C756D0D87EF3CFF0068F92CAD789C9CB43002DF0CEE79B9C6F64254CD6E258E778BA4DC4888FADE4DF454B47390DA94CB45FB369BC6E0F97A2D59BE93896EFF005A4C4743EBE4AB30606A6430FD48DC7593CC952BB26315C47BE30C7D47536C4EEED8756FFB243A95AA3A95C8F0D3E64D83EA34D85F9B53D67FA8D18D3EF37D263A01093E865F50D2220C11576102CF63A76F329B163AA1C7865AE148CBB771E4072F3293734AE4BDFADE49ECAA0B924F74790E40754F7C1796B8D333D473F2F2F454598E4AD158827FC6060750EEAAA5D8A2D2932A7297CE28F88FD23395B97529838BA8BB432C7DFDCC721D178CAF2EA6DAF304FD51BDAF0DE89AB8A5B48536CE90753BA7D93E687D13397C91CA7B379A5CBC14F94DDAF7379CF55D0384A95475220EAB3875F7802A81D8BA6DA7670F01B01D2A084DDC2B99B7B376FE26F4E89A1E46E84DCC3267F6E0107C4F65CF23A875F354988CBAA76D4C34C39CCA47C5EF00003E5B4FCD32E6B9D0EDECDF7DE773CA7FD151E4F8C755C4181DD0CA4207ED778C7398695068AF89719A64D56A3D869D1755A6C6F7DAD1A8873859C0483ABA1E52A5E332FAAE20D6F1E90D7DC13AB486BBCA6E7EF577C1F983A2A3AE2F604722491F72ABCC33671A8F36B3FA73D5EAAE92464B972299D9439EEA6605CD47EE2DA9D61F2684EF4B29A94F0902C453E4799FFBA4CC2E76E0EA60C7D5379117B9EBE69FB33CD8370E6C3668DE37842E83272102AE5554B9E65DB3196327BCE6FE40A9BC3B847BB11AA241A84DC72127985B30D9CB75DC1FAC60DC720F2ADF82F33639C05E61DF9222B65CA52E246E317BC06881E171DFA903F24A588003002CF7688DA77ED1DE5C884FFC578CA65CE0E02034413075037911717B5D52E2E95123DDF1531631B5310956C58E548B4E1A634522E16EF13CF9003627CBAA4ECCEB3C3DFA5C2F4EA6F6F3E4574DC972DA7D8DA7771DE79A46C7642CD6E83FAB7EE3AB606CAA444249C995F951A9FA41EF6EF6753CC26BE2BC7BE9B1B04FBE6DE4072F8AA8CB3213FA54883DE60B1FB20723B6CA571BB5EDD3E4C71BF991CF753E0B7C5CD0B398E7AEFA312DB536FBBEA6F7F342878D2F25B6F729FBC7EC8F3425B34A43562F0F47B50E2D162F3771E84F55068D3A22AB400DB53A4379DC0F3540314EAAEA641B90F17B927491365B70B4DC2A6AD46ECA67C27ECB799842278D23A5F1362A9B28DBED8D879148C7386F67B4F76B6E6377B00577C5447657332F1CFC8FAA48A029F67793F475AC01E4F61DC91E9B24DED938A368E85C259B7D13AC3DDF33794AB9EE6B50D67104DBB63611EEBB9FC15CF06BFB8ED2D3EE741C8F384B998D273AABAC3C35FCFDD71E69C98452E6C301887BB1244EDD88BBA4ECCE52536F15B1C69B6E7C67607EC94AF96E12A8C410357EA8D81E8DE909C78B32C79A4DB1F11DCFEC947F213A52473B2D069993B3399037A9D04F44E9C2A5BD93AC376753EE8F20A8696447B2B96DD9E67C3541FCD3AF06E5EDECCCC9EF37946CD09A1E497C443C5D502B37BBFE21F0B7A38F35AF856944D481713768F7298023A5DC53462F2DA62A6C76A9CCF472F59432936869900369B6DBF8BACFA04921A9689DC1FABB37588F0F39BC4EC6552E335EB712225C4CEA6EDDE75E0796CBA070E51A7D9180DF1728E40744B18AC1D30E274F279DCFD97F9F9AA92328CFE4C4F61FA582098A6C1E16DC168EA253CE7AF6F606DCD83C3E9D0855980CBE93AB11A7931B627A3426FE23C030D28B89737647F2139AB472AC286171DBEB4FDB1B31E7700AB9E0A637508FB0ED9DE9D42DB4326669241BEAAA7C2395381F8AB8E11C9409822CC70D8EE48F3F24456CD2735C4A7E300351B9F0379B7A9F30A9314D7446A3F58CE53FAB6F494D3C699392E74107BAD1131D55162B227EA88FD64D88BC35A148F1B5438640F70A02E377F51CCF5012756CCEA35EE998ECCDEC46E0277C972E7B68037F7CFDE521E2D8FD6FD8C5324F274C88E8AA4678E9B63170CE6FAB12640FAC7796DA95B717E3E9C413EEF313CD2CF0E99C49D4DBEB7F9F23CC41FC56DE34898D50740E63993D612BD0DC1730A95E893BB7C2CF77F61BE485514A8197778DB40E43F56CFDA594E8AE05264B49CFA8C0CD502A90209D9D0013F02A7613277EB66A047D1345E3DDEEEDF05B70F559466A010096380E91DD833CED0B7D7CDDBDAB60784546EFBE979236F2214229B7E073CFB241D88970B381DBC8849CDCB58299B92036AF203C4EA7F726DE27CD89A1022EE6EDE87995CFBF4AA8EA46CE3DCAA37FB2F63BF029BECCF126CE93C1D86A6DA46C05C6E7C92F63B1349B54C385FB51613C9DD148E0B738D275C6EDF3E5E497B1F863FA4365C7EB1E363CC91CE3AA7208C6E4CB4A199D3EDA46ABB691DBC9899F8A7321D98B7BFCCF915CD30606BA667F534EF206D1D24F24F9C44C69A136B39A7627A8F2EA9FF239C5292146BE787B3D8786A8E7C9D4CF3F509AB83F1353B0163E2DFE0173EAEF9A6E0D1706AF2037ECE6F73C87309FF8498E34761E3E77E4DEA92F23CA9288AB8FC45435C0247EB4DDDE4F3D7C948C1B5C281BEE6933631003763067751B32A351AE75404C35958C0902CD79E4ACD9953DB4D8D8749AA5D6836688DC7EEA48A4D50D591B9CDC3CC893ACEF1D47349B8CA8F2D77EEBFDE11E10399FDB4ED4B0F51984DDDF567AF3FF00BA50C450A85B13BDB6B9D5529B7A7461F9AA91941AB646CA1D53F4975BDF68B7911D0A70E26CC2A0A6D1DEF17E00F9258C8B0E4E2261BF5A790E53E4AF78A4BA1A23ED1B48F2E4424FEA39D39217F099C3C30C93E1AEEB81D18D099F82B3475E62CC1CBAB925B1E4533DD77D591E2FB5547507ECA6BE126F71F6E4D1B37A13D026995952E279E2FCEBE91C3488968DCF4FF7517119A37581A47D6D4F7872D2145E2421D59C237A8D1E1F20393941AFA1CF6445DF58FBC37791CE7A2908C5713A765198B1D871322CEFC4A546E218E7B84832582F1B0979DFF7158E15806185FF00564EE3A1EB0931EC76A7E927668E7CDAE6EE247356D99E3C69B7438F0DE11952A6B0D8377123CFFEEA371AE4E1C6647840BFA951F823586170FB2C163D493CBE0A36799E3DD58B379706B641D840FC6527D0E9F3D127059099A931F587DEE40347E485AA9F12B5A2748EF173B73B17380FB80420B6E421E69F575BFCDABFCEB2CF1B7D6A7E2D42166BC1A47A3A1663FDDDBFBD4FF94A42C7EDF0AFF831650A9F6462F2740E0BFEEC7F79BF8251E20FEF14FF00CE3FCE84272F028FDCABCAF767F941747E20FEEEEF567E28423F91E4FB239EBBC153D5FF008D35D4381FEA7F8FF20842202CFD153C49E0A9FE556FE572923767ABFF0017210999F81B2B7F76FE01F8256778C7AD2FE7284272ECCB198C97EB7F8DDFCABCF17EECFDD77E48424FEA5BFB8A54BEA8FEE33FFB5C9C7853C0FF0056FF002A10944D67D1459EFD79FF00347E4A95DE3A5EAFFE77A10922E1D0EDFF0095FF0085FF00E527E0BEB5DFBF43F342137D9187C8CBC25F56EFE0FCD50665F58CFDE77E25084D94BEE536336A7FE5B7F34210914CFFD9);
/*!40000 ALTER TABLE `photo` ENABLE KEYS */;


--
-- Definition of table `purpose`
--

DROP TABLE IF EXISTS `purpose`;
CREATE TABLE `purpose` (
  `Number` int(1) unsigned NOT NULL auto_increment,
  `P_Name` varchar(11) NOT NULL,
  PRIMARY KEY  (`Number`)
) ENGINE=InnoDB AUTO_INCREMENT=3 DEFAULT CHARSET=latin1;

--
-- Dumping data for table `purpose`
--

/*!40000 ALTER TABLE `purpose` DISABLE KEYS */;
INSERT INTO `purpose` (`Number`,`P_Name`) VALUES 
 (1,'Complainee'),
 (2,'Volunteer');
/*!40000 ALTER TABLE `purpose` ENABLE KEYS */;


--
-- Definition of table `questionnaire`
--

DROP TABLE IF EXISTS `questionnaire`;
CREATE TABLE `questionnaire` (
  `Number` int(1) unsigned NOT NULL auto_increment,
  `Questions` varchar(45) NOT NULL,
  PRIMARY KEY  (`Number`)
) ENGINE=InnoDB AUTO_INCREMENT=8 DEFAULT CHARSET=latin1;

--
-- Dumping data for table `questionnaire`
--

/*!40000 ALTER TABLE `questionnaire` DISABLE KEYS */;
INSERT INTO `questionnaire` (`Number`,`Questions`) VALUES 
 (1,'What was your childhood nickname?'),
 (2,'What is your pets name?'),
 (3,'What school did you attend for tenth grade?'),
 (4,'In which state you were born?'),
 (5,'What is your mother tongue?'),
 (6,'Who is your best friend?'),
 (7,'Who was your childhood hero?');
/*!40000 ALTER TABLE `questionnaire` ENABLE KEYS */;


--
-- Definition of table `reference`
--

DROP TABLE IF EXISTS `reference`;
CREATE TABLE `reference` (
  `Number` int(1) unsigned NOT NULL auto_increment,
  `R_Name` varchar(30) NOT NULL,
  PRIMARY KEY  (`Number`)
) ENGINE=InnoDB AUTO_INCREMENT=4 DEFAULT CHARSET=latin1;

--
-- Dumping data for table `reference`
--

/*!40000 ALTER TABLE `reference` DISABLE KEYS */;
INSERT INTO `reference` (`Number`,`R_Name`) VALUES 
 (1,'Charities Aid Foundation'),
 (2,'NGOs INDIA'),
 (3,'TechSoup Asia-Pacific');
/*!40000 ALTER TABLE `reference` ENABLE KEYS */;


--
-- Definition of table `religion`
--

DROP TABLE IF EXISTS `religion`;
CREATE TABLE `religion` (
  `Number` int(10) unsigned NOT NULL auto_increment,
  `Name` varchar(12) NOT NULL,
  PRIMARY KEY  (`Number`)
) ENGINE=InnoDB AUTO_INCREMENT=7 DEFAULT CHARSET=latin1;

--
-- Dumping data for table `religion`
--

/*!40000 ALTER TABLE `religion` DISABLE KEYS */;
INSERT INTO `religion` (`Number`,`Name`) VALUES 
 (1,'Hinduism'),
 (2,'Islam'),
 (3,'Christianity'),
 (4,'Jainism'),
 (5,'Buddhism'),
 (6,'Sikhism');
/*!40000 ALTER TABLE `religion` ENABLE KEYS */;


--
-- Definition of table `shape_of_the_face`
--

DROP TABLE IF EXISTS `shape_of_the_face`;
CREATE TABLE `shape_of_the_face` (
  `Number` int(1) unsigned NOT NULL auto_increment,
  `SF_Type` varchar(8) NOT NULL,
  PRIMARY KEY  (`Number`)
) ENGINE=InnoDB AUTO_INCREMENT=7 DEFAULT CHARSET=latin1;

--
-- Dumping data for table `shape_of_the_face`
--

/*!40000 ALTER TABLE `shape_of_the_face` DISABLE KEYS */;
INSERT INTO `shape_of_the_face` (`Number`,`SF_Type`) VALUES 
 (1,'Long'),
 (2,'Oval'),
 (3,'Other'),
 (4,'Round'),
 (5,'Squared'),
 (6,'Wrinkled');
/*!40000 ALTER TABLE `shape_of_the_face` ENABLE KEYS */;


--
-- Definition of table `states`
--

DROP TABLE IF EXISTS `states`;
CREATE TABLE `states` (
  `Number` int(2) unsigned NOT NULL auto_increment,
  `S_Name` varchar(17) NOT NULL,
  PRIMARY KEY  (`Number`)
) ENGINE=InnoDB AUTO_INCREMENT=30 DEFAULT CHARSET=latin1;

--
-- Dumping data for table `states`
--

/*!40000 ALTER TABLE `states` DISABLE KEYS */;
INSERT INTO `states` (`Number`,`S_Name`) VALUES 
 (1,'Andhra Pradesh'),
 (2,'Arunachal Pradesh'),
 (3,'Assam'),
 (4,'Bihar'),
 (5,'Chhattisgarh'),
 (6,'Goa'),
 (7,'Gujarat'),
 (8,'Haryana'),
 (9,'Himachal Pradesh'),
 (10,'Jammu & Kashmir'),
 (11,'Jharkhand'),
 (12,'Karnataka'),
 (13,'Kerala'),
 (14,'Madhya Pradesh'),
 (15,'Maharashtra'),
 (16,'Manipur'),
 (17,'Meghalaya'),
 (18,'Mizoram'),
 (19,'Nagaland'),
 (20,'Odisha'),
 (21,'Punjab'),
 (22,'Rajasthan'),
 (23,'Sikkim'),
 (24,'Tamil Nadu'),
 (25,'Telangana'),
 (26,'Tripura'),
 (27,'Uttarakhand'),
 (28,'Uttar Pradesh'),
 (29,'West Bengal');
/*!40000 ALTER TABLE `states` ENABLE KEYS */;


--
-- Definition of table `task`
--

DROP TABLE IF EXISTS `task`;
CREATE TABLE `task` (
  `T_Name` varchar(20) NOT NULL default '',
  `T_Descri` varchar(50) NOT NULL,
  `T_Timelimit` date NOT NULL,
  `T_Accept` int(1) unsigned NOT NULL,
  `T_LastDate_Accept` date NOT NULL,
  `ID` varchar(20) NOT NULL,
  `typeOfUser` int(1) unsigned NOT NULL,
  PRIMARY KEY  (`T_Name`),
  KEY `typeOfUser` (`typeOfUser`),
  CONSTRAINT `typeOfUser` FOREIGN KEY (`typeOfUser`) REFERENCES `type_of_users` (`Number`)
) ENGINE=InnoDB DEFAULT CHARSET=latin1;

--
-- Dumping data for table `task`
--

/*!40000 ALTER TABLE `task` DISABLE KEYS */;
INSERT INTO `task` (`T_Name`,`T_Descri`,`T_Timelimit`,`T_Accept`,`T_LastDate_Accept`,`ID`,`typeOfUser`) VALUES 
 ('CryVal','Fuck Off','2018-06-08',0,'2018-05-11','Cry@123',3),
 ('N_01','Collect Picture Information about The Organisation','2017-06-09',1,'2017-04-15','Child_123',3),
 ('N_12','Search tiny details of the NGO','2018-05-11',0,'2018-03-07','Family@123',1),
 ('SaveChild1','Collect information,connections of NGO ','2018-05-19',1,'2018-04-14','SaveChild',3),
 ('V_01','Collect Picture Information about The Volunteers','2018-07-13',1,'2018-05-15','RupaliRaj',1);
/*!40000 ALTER TABLE `task` ENABLE KEYS */;


--
-- Definition of table `teeth`
--

DROP TABLE IF EXISTS `teeth`;
CREATE TABLE `teeth` (
  `Number` int(2) unsigned NOT NULL auto_increment,
  `T_Type` varchar(19) NOT NULL,
  PRIMARY KEY  (`Number`)
) ENGINE=InnoDB AUTO_INCREMENT=12 DEFAULT CHARSET=latin1;

--
-- Dumping data for table `teeth`
--

/*!40000 ALTER TABLE `teeth` DISABLE KEYS */;
INSERT INTO `teeth` (`Number`,`T_Type`) VALUES 
 (1,'Normal'),
 (2,'False Tooth/Teeth'),
 (3,'Gaps in Teeth'),
 (4,'Metal Tooth'),
 (5,'Metal Tooth Gold'),
 (6,'Metal Tooth Silver'),
 (7,'Missing Tooth/Teeth'),
 (8,'Broken'),
 (9,'Overlapping'),
 (10,'Protruding'),
 (11,'Stained');
/*!40000 ALTER TABLE `teeth` ENABLE KEYS */;


--
-- Definition of table `type_of_users`
--

DROP TABLE IF EXISTS `type_of_users`;
CREATE TABLE `type_of_users` (
  `Number` int(1) unsigned NOT NULL auto_increment,
  `T_Name` varchar(5) NOT NULL,
  PRIMARY KEY  (`Number`)
) ENGINE=InnoDB AUTO_INCREMENT=4 DEFAULT CHARSET=latin1;

--
-- Dumping data for table `type_of_users`
--

/*!40000 ALTER TABLE `type_of_users` DISABLE KEYS */;
INSERT INTO `type_of_users` (`Number`,`T_Name`) VALUES 
 (1,'User'),
 (2,'Admin'),
 (3,'NGO');
/*!40000 ALTER TABLE `type_of_users` ENABLE KEYS */;


--
-- Definition of table `ug_course`
--

DROP TABLE IF EXISTS `ug_course`;
CREATE TABLE `ug_course` (
  `Number` int(2) unsigned NOT NULL auto_increment,
  `UGC_Name` varchar(45) NOT NULL,
  PRIMARY KEY  (`Number`)
) ENGINE=InnoDB AUTO_INCREMENT=29 DEFAULT CHARSET=latin1;

--
-- Dumping data for table `ug_course`
--

/*!40000 ALTER TABLE `ug_course` DISABLE KEYS */;
INSERT INTO `ug_course` (`Number`,`UGC_Name`) VALUES 
 (1,'Bachelor of Art'),
 (2,'Bachelor of Architecture'),
 (3,'Bachelor of Computer Applications'),
 (4,'Bachelor of Engineering'),
 (5,'Bachelor of Fashon Technology'),
 (6,'Bachelor of Law'),
 (7,'Bachelor of Literature'),
 (8,'Bachelor of Business Administration'),
 (9,'Bachelor of Commerce'),
 (10,'Bachelor of Business Management'),
 (11,'Bachelor of Business Studies'),
 (12,'Bachelor of Communication Journalism'),
 (13,'Bachelor of Dental Surgery'),
 (14,'Bachelor of Design'),
 (15,'Bachelor of Fine Arts'),
 (16,'Bachelor of Hotel Management'),
 (17,'Bachelor of Homeopathic Medicine and Surgery'),
 (18,'Bachelor of Information Systems Management'),
 (19,'Bachelor of Medical Technology'),
 (20,'Bachelor of Physical Education'),
 (21,'Bachelor of Public Relations'),
 (22,'Bachelor of Pharmacy'),
 (23,'Bachelor of Science'),
 (24,'Bachelor of Technology'),
 (25,'Bachelor of Veterinary Science'),
 (26,'Bachelor of Journalism and Mass Communication'),
 (27,'Bachelor of Physiotherapy'),
 (28,'Bachelor of Science and Education');
/*!40000 ALTER TABLE `ug_course` ENABLE KEYS */;


--
-- Definition of table `user_details`
--

DROP TABLE IF EXISTS `user_details`;
CREATE TABLE `user_details` (
  `U_ID` varchar(20) NOT NULL,
  `Name` varchar(20) NOT NULL,
  `Type` int(1) unsigned NOT NULL,
  `DOB` date NOT NULL,
  `Address` varchar(90) NOT NULL,
  `Pincode` int(6) unsigned NOT NULL,
  `Gender` int(1) unsigned NOT NULL,
  `Purpose` int(1) unsigned default NULL,
  PRIMARY KEY  (`U_ID`),
  KEY `Gender` (`Gender`),
  CONSTRAINT `Gender` FOREIGN KEY (`Gender`) REFERENCES `gender` (`Number`)
) ENGINE=InnoDB DEFAULT CHARSET=latin1;

--
-- Dumping data for table `user_details`
--

/*!40000 ALTER TABLE `user_details` DISABLE KEYS */;
INSERT INTO `user_details` (`U_ID`,`Name`,`Type`,`DOB`,`Address`,`Pincode`,`Gender`,`Purpose`) VALUES 
 ('candy_123','Sanskriti Singh',1,'1997-03-01','Veer Savarkar Ward',470113,2,0),
 ('Deeksha','Deeksha Singhal',1,'1990-03-11','2-A Vasant Vihar Enclave',248001,2,2),
 ('ganesh_123','Ganesh Singhal',1,'2000-04-19','2-A Vasant Vihar Enclave',248001,1,2),
 ('harshit','Harshit Singhal',1,'1999-07-20','2-A Vasant Vihar Enclave',248001,1,0),
 ('Joe','Joey Tribbiani',2,'1989-02-02','Sector -12, South Rohini ',248001,1,0),
 ('Pragya_1512','Pragya Mishra',1,'1997-12-15','Lucknow',470113,2,0),
 ('Punam','Punam Singhal',1,'1978-10-26','2-A Vasant Vihar Enclave',248001,2,2),
 ('RupaliRaj','Rupali Raj Gupta',1,'1997-05-07','Baragolai P.O.-Margherita Tinsukia',786181,2,0),
 ('salwi ','salwi singh',1,'2018-03-21','Rajasthan',723103,2,0),
 ('sandy_123','Sanskriti Singh',1,'1997-03-01','Veer Savarkar Ward',470113,2,2),
 ('shailey_123','Shailey Singhal',1,'1998-03-22','2-A Vasant Vihar Enclave',248001,2,2);
/*!40000 ALTER TABLE `user_details` ENABLE KEYS */;


--
-- Definition of table `validated_by_admin`
--

DROP TABLE IF EXISTS `validated_by_admin`;
CREATE TABLE `validated_by_admin` (
  `Number` int(1) unsigned NOT NULL auto_increment,
  `Val_NonVal` varchar(13) NOT NULL,
  PRIMARY KEY  (`Number`)
) ENGINE=InnoDB AUTO_INCREMENT=3 DEFAULT CHARSET=latin1;

--
-- Dumping data for table `validated_by_admin`
--

/*!40000 ALTER TABLE `validated_by_admin` DISABLE KEYS */;
INSERT INTO `validated_by_admin` (`Number`,`Val_NonVal`) VALUES 
 (1,'Validated'),
 (2,'Not Validated');
/*!40000 ALTER TABLE `validated_by_admin` ENABLE KEYS */;


--
-- Definition of table `verify_id`
--

DROP TABLE IF EXISTS `verify_id`;
CREATE TABLE `verify_id` (
  `Number` int(1) unsigned NOT NULL auto_increment,
  `ID_Name` varchar(13) NOT NULL,
  PRIMARY KEY  (`Number`)
) ENGINE=InnoDB AUTO_INCREMENT=3 DEFAULT CHARSET=latin1;

--
-- Dumping data for table `verify_id`
--

/*!40000 ALTER TABLE `verify_id` DISABLE KEYS */;
INSERT INTO `verify_id` (`Number`,`ID_Name`) VALUES 
 (1,'Aadhar Card'),
 (2,'Voter ID Card');
/*!40000 ALTER TABLE `verify_id` ENABLE KEYS */;


--
-- Definition of table `volunteer_days`
--

DROP TABLE IF EXISTS `volunteer_days`;
CREATE TABLE `volunteer_days` (
  `Number` int(2) unsigned NOT NULL auto_increment,
  `VD_Name` varchar(19) NOT NULL,
  PRIMARY KEY  (`Number`)
) ENGINE=InnoDB AUTO_INCREMENT=11 DEFAULT CHARSET=latin1;

--
-- Dumping data for table `volunteer_days`
--

/*!40000 ALTER TABLE `volunteer_days` DISABLE KEYS */;
INSERT INTO `volunteer_days` (`Number`,`VD_Name`) VALUES 
 (1,'Monday'),
 (2,'Tuesday'),
 (3,'Wednesday'),
 (4,'Thursday'),
 (5,'Friday'),
 (6,'Saturday'),
 (7,'Sunday'),
 (8,'Saturday and Sunday'),
 (9,'Monday - Friday'),
 (10,'All days');
/*!40000 ALTER TABLE `volunteer_days` ENABLE KEYS */;


--
-- Definition of table `volunteer_login`
--

DROP TABLE IF EXISTS `volunteer_login`;
CREATE TABLE `volunteer_login` (
  `U_ID` varchar(20) NOT NULL,
  `Cor_Address` varchar(90) NOT NULL,
  `Pincode` int(6) unsigned NOT NULL,
  `State` int(2) unsigned NOT NULL,
  `Phone_No` bigint(20) unsigned NOT NULL,
  `Verify_ID_No` varchar(12) NOT NULL,
  `Verify` int(1) unsigned NOT NULL,
  `Sen_Sec_Board` int(2) unsigned NOT NULL,
  `Sen_Sec_Board_Year` int(4) unsigned NOT NULL,
  `UG_Course` int(2) unsigned default NULL,
  `UG_Course_Year` int(4) unsigned default NULL,
  `Available_Days` int(2) unsigned NOT NULL,
  `Start_Time` int(2) unsigned NOT NULL,
  `End_Time` int(2) unsigned NOT NULL,
  `Experience` varchar(200) NOT NULL,
  `Validated_By_Admin` int(1) unsigned NOT NULL,
  PRIMARY KEY  (`U_ID`),
  KEY `State` (`State`),
  KEY `Verify` (`Verify`),
  KEY `Sen_Sec_Board` (`Sen_Sec_Board`),
  KEY `UG_Course` (`UG_Course`),
  KEY `Available_Days` (`Available_Days`),
  KEY `Validated_By_Admin` (`Validated_By_Admin`),
  CONSTRAINT `Available_Days` FOREIGN KEY (`Available_Days`) REFERENCES `volunteer_days` (`Number`),
  CONSTRAINT `Sen_Sec_Board` FOREIGN KEY (`Sen_Sec_Board`) REFERENCES `boards_12` (`Number`),
  CONSTRAINT `State` FOREIGN KEY (`State`) REFERENCES `states` (`Number`),
  CONSTRAINT `UG_Course` FOREIGN KEY (`UG_Course`) REFERENCES `ug_course` (`Number`),
  CONSTRAINT `Validated_By_Admin` FOREIGN KEY (`Validated_By_Admin`) REFERENCES `validated_by_admin` (`Number`),
  CONSTRAINT `Verify` FOREIGN KEY (`Verify`) REFERENCES `verify_id` (`Number`)
) ENGINE=InnoDB DEFAULT CHARSET=latin1;

--
-- Dumping data for table `volunteer_login`
--

/*!40000 ALTER TABLE `volunteer_login` DISABLE KEYS */;
INSERT INTO `volunteer_login` (`U_ID`,`Cor_Address`,`Pincode`,`State`,`Phone_No`,`Verify_ID_No`,`Verify`,`Sen_Sec_Board`,`Sen_Sec_Board_Year`,`UG_Course`,`UG_Course_Year`,`Available_Days`,`Start_Time`,`End_Time`,`Experience`,`Validated_By_Admin`) VALUES 
 ('Deeksha','2-A Vasant Vihar Enclave',248001,1,9410101929,'639338270509',1,13,2007,1,2007,8,16,18,'Currently Working in Deloitte, and want to work for this organistaion ',1),
 ('ganesh_123','2-A Newai Chowk, Street No-3',226016,1,7232866390,'5467',1,1,2016,1,2016,1,9,10,'fyufryu',2),
 ('Punam','2-A Vasant Vihar Enclave',248001,27,9877654599,'639338270509',1,13,1983,4,1983,7,9,10,'I have worked as volunteer in Shantikunj,haridwar',2),
 ('RupaliRaj','Baragolai P.O.-Margherita Tinsukia',786181,3,8471895975,'234154432211',1,13,2015,1,2015,7,11,13,'Already worked in another social organisation',1),
 ('sandy_123','Veer Savarkar Ward',470113,28,7023381695,'639338270589',1,13,2015,1,2015,8,11,14,'I have worked for Child Organisation for 4 year . Professionally I am Teacher',1),
 ('shailey_123','2-A Vasant Vihar Enclave',248001,27,9410101926,'639338270575',2,13,2015,1,2015,1,9,10,'I am very talented person',1);
/*!40000 ALTER TABLE `volunteer_login` ENABLE KEYS */;




/*!40101 SET SQL_MODE=@OLD_SQL_MODE */;
/*!40014 SET FOREIGN_KEY_CHECKS=@OLD_FOREIGN_KEY_CHECKS */;
/*!40014 SET UNIQUE_CHECKS=@OLD_UNIQUE_CHECKS */;
/*!40101 SET CHARACTER_SET_CLIENT=@OLD_CHARACTER_SET_CLIENT */;
/*!40101 SET CHARACTER_SET_RESULTS=@OLD_CHARACTER_SET_RESULTS */;
/*!40101 SET COLLATION_CONNECTION=@OLD_COLLATION_CONNECTION */;
/*!40101 SET CHARACTER_SET_CLIENT=@OLD_CHARACTER_SET_CLIENT */;
